Day,Time,CO,PT08.S1,NMHC,C6H6,PT08.S2,NO,PT08.S3,NO2,PT08.S4,PT08.S5,Ambient temperature,Relative humidity,Absolute humidity,Target
1,0,0.723372781,1475,120,32.8,1065,125.4573171,502,60,1339,1270,19.9,46.4,1.397,3
1,1,0.723372781,968,134.5132743,13,1194,100,635,60,1187,1442,17.6,18.3,1.4657,2
1,2,0.723372781,1097,120,9.2,1159,100,809,80.56801196,1334,1388,10.9,59.2,0.9877,1
1,3,0.5,1032,134.5132743,18.4,978,150,948,60,1056,789,3.8,56.2,0.8256,1
1,4,0.5,1070,120,11.1,776,125.4573171,731,60,1300,981,15.5,20.9,1.1638,1
1,5,0.723372781,859,120,19.7,651,125.4573171,931,80.56801196,1578,1247,3.7,85.7,0.6269,2
1,6,0.723372781,1095,150,13.5,678,125.4573171,428,80.56801196,645,870,20.2,22.5,0.8412,2
1,7,1,1266,150,6.4,984,100,942,100,1640,1337,12.1,79.1,1.391,3
1,8,1,1034,120,10.8,1175,125.4573171,418,60,830,1694,19.6,15,1.4424,3
1,9,0.723372781,1476,120,16.5,607,125.4573171,547,80.56801196,1549,1510,6.4,81.2,1.4052,3
1,10,0.723372781,1505,120,3,813,100,870,60,1236,1054,32.8,16.5,0.5412,3
1,11,1,1033,120,27.4,624,150,890,60,711,903,31.5,71.8,0.5022,1
1,12,0.723372781,1167,150,22.5,1049,150,682,80.56801196,1192,988,8.3,42.1,0.587,3
1,13,1,1494,134.5132743,21.8,1056,100,512,100,1458,1567,13.3,70.4,0.7737,2
1,14,1,1031,120,20,1060,150,854,80.56801196,990,1161,22.2,45.1,0.6084,2
1,15,1,1290,150,21.5,797,150,729,80.56801196,991,1308,5.2,20.3,0.6865,2
1,16,0.5,1418,120,32.8,693,150,654,60,927,1449,13.7,72.6,1.0068,3
1,17,0.5,1302,120,2.3,1036,125.4573171,998,100,1346,872,10.3,20.3,1.1913,1
1,18,0.723372781,1534,134.5132743,3.6,1126,150,798,80.56801196,966,1000,32.2,84.2,1.1562,1
1,19,1,1391,120,8.3,977,125.4573171,907,60,681,1299,30.1,18.8,1.2588,3
1,20,0.5,1545,120,7.5,1186,150,865,80.56801196,1405,1610,21.1,50.9,0.2418,3
1,21,0.723372781,1180,134.5132743,8,703,125.4573171,806,60,1421,1562,19.2,69.2,0.2621,2
1,22,0.723372781,1495,134.5132743,24.2,638,100,497,80.56801196,1699,1228,32.7,44.5,1.2262,2
1,23,0.723372781,1227,134.5132743,17.2,1057,100,689,100,1551,839,32.8,31.3,0.893,1
2,0,0.723372781,1496,134.5132743,34.7,963,150,555,80.56801196,971,1465,34,71.9,0.9516,2
2,1,0.723372781,1445,150,9.5,734,125.4573171,561,60,863,977,6.1,73.8,0.2684,2
2,2,1,1531,150,12.3,973,100,496,80.56801196,709,1362,7.3,84.2,0.5319,3
2,3,0.723372781,1599,150,34.5,831,100,776,100,906,1210,24.3,43.2,1.0299,1
2,4,1,1163,120,29.4,638,100,966,100,825,1045,19.9,53,1.3169,3
2,5,0.5,1001,134.5132743,17.5,646,100,849,100,784,1545,2.6,42.2,1.3921,1
2,6,0.723372781,945,134.5132743,20.3,635,150,516,100,1563,839,4,34.3,0.8505,3
2,7,0.5,1438,150,29.8,694,125.4573171,905,60,630,813,31.3,71.3,0.9091,1
2,8,1,1256,120,17.9,960,100,588,80.56801196,1213,1279,30.7,40.5,1.283,2
2,9,1,934,120,8.8,1124,150,875,100,698,1206,13.8,47.1,0.8989,1
2,10,0.5,1425,120,29.3,745,100,722,80.56801196,1410,1065,31.4,45.3,0.8719,1
2,11,0.723372781,1063,150,19.7,967,100,995,60,1251,1390,21.6,68.4,1.3766,3
2,12,0.723372781,863,120,7.1,664,100,579,80.56801196,1413,1336,28.6,83.8,1.2269,1
2,13,0.5,1290,120,18.7,827,100,580,80.56801196,1619,1096,16.1,65,1.3818,1
2,14,0.5,1446,120,15.6,1119,150,686,100,1577,1524,5.7,50.4,0.4837,1
2,15,0.5,840,134.5132743,30.9,1154,125.4573171,874,100,687,1522,16.3,73.4,0.8817,3
2,16,0.723372781,1095,150,6.2,780,150,661,60,1686,1549,17.1,63.1,1.2952,1
2,17,0.723372781,802,134.5132743,30.9,1100,150,922,80.56801196,1521,1574,20.2,19.5,0.3445,3
2,18,0.723372781,1505,134.5132743,18.9,1196,150,561,60,1185,1623,5.5,22.2,1.2331,2
2,19,0.5,909,150,15.3,754,100,886,60,1417,1569,34.7,17.8,0.4379,3
2,20,0.723372781,1020,134.5132743,7.3,1134,125.4573171,580,60,1531,1444,10.1,49.3,1.2506,1
2,21,1,1169,120,25.1,1034,100,868,100,1396,1639,8.6,76.9,0.9956,2
2,22,0.5,1167,120,32.6,698,150,420,100,1618,1358,19.4,38.5,0.4512,1
2,23,0.723372781,1235,120,14.4,971,100,674,80.56801196,1612,1641,19.7,43.8,0.8154,3
3,0,0.5,803,120,10,1162,125.4573171,659,80.56801196,1572,810,16.5,83.2,1.0865,2
3,1,1,1043,150,20.3,961,125.4573171,732,80.56801196,1232,1574,27.5,77.8,1.024,2
3,2,1,965,134.5132743,28.3,711,100,865,100,945,1057,19,64.9,0.7554,2
3,3,0.5,825,134.5132743,2.1,1052,150,515,100,1323,937,22.1,35,1.3692,1
3,4,0.5,1194,120,22.8,768,100,812,60,1500,702,25.9,23.8,0.875,2
3,5,1,1273,120,21.7,1183,150,936,100,1637,1422,2.8,16.2,0.8576,2
3,6,0.5,816,134.5132743,12.5,738,125.4573171,656,60,735,1103,20.8,23,0.2809,2
3,7,1,1527,150,16.9,830,100,567,60,996,724,31.2,36.9,1.3988,2
3,8,1,891,134.5132743,10.1,838,125.4573171,932,100,1391,1542,2.6,56.4,0.4303,3
3,9,0.723372781,1282,120,28.1,852,150,997,60,678,1208,15.4,19.8,0.8868,1
3,10,0.5,1342,120,22.9,1035,150,414,60,1304,1395,32.6,25.2,1.2446,1
3,11,0.5,1004,150,19.6,1160,100,449,80.56801196,1581,1164,13.7,28.6,0.4801,2
3,12,0.723372781,1301,134.5132743,15,1021,100,703,60,1674,760,17.1,62.4,0.8856,3
3,13,1,1199,150,11.6,902,100,886,100,1343,1207,34.4,61.2,0.5129,2
3,14,0.5,1006,150,29.2,671,125.4573171,815,100,983,822,8.6,56.3,1.1876,1
3,15,0.723372781,1418,120,16.9,862,150,704,60,974,1196,4.2,33.8,0.9336,1
3,16,0.723372781,945,134.5132743,18.5,821,150,595,80.56801196,805,754,30.4,42.8,1.3128,1
3,17,0.5,900,120,19.2,676,125.4573171,787,100,1088,862,30.7,22.3,1.3629,2
3,18,0.723372781,1040,134.5132743,16.8,661,100,854,100,1480,1673,17.6,32,1.0434,2
3,19,1,1558,120,10.5,1070,100,709,80.56801196,1231,1398,19,82.3,1.143,3
3,20,0.723372781,962,120,6,756,125.4573171,526,60,1191,738,29.6,88.5,0.914,3
3,21,1,972,134.5132743,5.3,724,150,574,100,1665,1396,26.4,63.6,0.6998,1
3,22,1,1301,134.5132743,27,760,150,533,60,1132,782,10.7,83.8,1.0426,1
3,23,0.5,1346,120,9.4,1140,150,465,60,1121,1406,2.6,63.2,1.3808,3
4,0,0.723372781,1083,134.5132743,3.8,1190,150,792,60,1424,1245,17.8,17.5,0.7417,1
4,1,1,1158,120,28.3,1134,125.4573171,764,60,1197,812,30.3,89.8,0.6087,3
4,2,1,1180,134.5132743,7.1,705,150,678,100,712,1124,31.6,22.4,0.705,2
4,3,0.723372781,1332,120,22.6,730,125.4573171,762,80.56801196,1333,1617,33.6,66.2,0.766,1
4,4,1,962,120,13.2,956,100,570,100,917,929,31,34,0.2956,1
4,5,0.723372781,1408,120,6.2,601,125.4573171,450,80.56801196,1595,982,21.1,44.4,0.848,3
4,6,0.5,1106,150,15.7,832,150,727,60,812,1616,16.7,63.4,0.8426,2
4,7,1,1138,134.5132743,2.5,968,100,991,80.56801196,852,1636,27.6,47.7,0.965,1
4,8,1,854,120,29.8,850,125.4573171,544,60,723,986,26.4,33.8,0.6717,1
4,9,0.723372781,1132,150,18.9,707,125.4573171,673,100,1223,854,19.8,40.1,0.997,3
4,10,0.723372781,926,120,6.6,875,125.4573171,554,100,1688,864,4.9,40.6,1.3417,2
4,11,0.723372781,1504,150,9.8,779,100,907,80.56801196,1497,1661,32.6,86.9,1.4421,3
4,12,0.723372781,1042,120,16.8,892,125.4573171,762,60,846,881,17,74.9,0.9587,2
4,13,1,1399,120,8.2,1183,150,724,60,1040,938,14,49.4,0.2554,2
4,14,0.5,1208,150,10.9,774,100,697,80.56801196,644,1348,22.8,30,1.46,3
4,15,0.5,1302,150,19.6,722,100,893,60,1257,1038,24.2,75.8,1.1176,3
4,16,0.5,1526,134.5132743,29.5,826,125.4573171,945,60,1479,1637,9,26.8,0.6368,2
4,17,0.5,1403,134.5132743,15.3,1043,150,703,60,1616,1211,29.6,30.8,0.3913,3
4,18,0.723372781,1102,150,25.7,1027,100,866,100,1153,1631,11.6,42.5,0.3864,1
4,19,1,1263,134.5132743,30.9,682,125.4573171,638,100,1408,965,8.2,81,0.4181,1
4,20,1,1034,150,9.1,664,150,916,100,1570,886,15.4,24.9,0.2592,1
4,21,1,1495,134.5132743,28.6,880,125.4573171,575,60,1329,739,26.1,24.2,1.3728,1
4,22,0.723372781,837,120,27,990,125.4573171,809,100,1620,1521,33.9,52,0.903,1
4,23,1,938,134.5132743,13.8,1027,100,763,60,1553,1192,28.7,35.7,1.1099,3
5,0,0.723372781,994,120,34.7,706,100,422,60,1690,1378,33,57.7,1.2765,2
5,1,1,1326,120,10.7,1147,125.4573171,717,80.56801196,1664,1090,6.6,48.9,1.229,3
5,2,0.5,1568,134.5132743,10.4,861,100,924,60,698,959,4.3,47.6,1.3474,1
5,3,0.723372781,1446,150,27.5,758,100,675,100,1471,1354,20.4,23.4,1.4574,1
5,4,1,800,120,16.3,864,150,628,100,900,1415,11.6,25.6,0.7708,3
5,5,0.5,1360,120,12.9,1067,150,507,60,1087,875,29.3,76.6,1.4354,3
5,6,0.5,895,134.5132743,7.9,801,125.4573171,575,100,1604,1473,24.2,81.4,1.1403,2
5,7,0.5,1512,150,27.3,754,125.4573171,719,60,1076,1463,34,32.6,0.2919,1
5,8,0.723372781,1212,150,27.9,612,125.4573171,685,80.56801196,1460,1028,10.4,23.5,1.0863,3
5,9,0.723372781,1337,134.5132743,20.7,896,125.4573171,728,60,1408,1630,18,19,1.0927,2
5,10,1,1228,150,33.6,1097,150,755,60,1117,899,18.5,60.6,1.3776,1
5,11,0.5,1034,134.5132743,12.5,1196,100,413,80.56801196,1058,1410,9.9,68.7,0.6848,1
5,12,1,1148,134.5132743,9.2,844,150,674,100,829,895,21.5,43,0.9604,1
5,13,1,1555,134.5132743,24.4,899,125.4573171,470,80.56801196,607,1525,16.6,66,0.2158,3
5,14,0.5,1280,120,27,961,125.4573171,594,80.56801196,794,1288,16.7,68.5,0.6317,1
5,15,1,1195,120,9.4,953,150,922,60,1642,1230,14,85.2,0.2809,1
5,16,0.723372781,1150,120,4.5,1120,150,505,60,953,761,2.6,19.9,0.8784,2
5,17,1,1215,134.5132743,28.7,985,125.4573171,595,80.56801196,1672,1026,19.2,29.4,1.2627,3
5,18,0.5,850,120,34.2,911,100,544,100,1063,1605,13.1,20.1,0.4684,2
5,19,0.723372781,880,120,23.3,1013,125.4573171,749,80.56801196,955,980,2,80.1,0.8857,3
5,20,0.723372781,835,120,11.2,877,150,823,100,1449,1639,12.2,74.4,0.4652,1
5,21,1,866,134.5132743,34.9,1192,125.4573171,870,80.56801196,1573,1461,11.2,58.1,0.3569,2
5,22,1,1440,134.5132743,31.5,955,125.4573171,615,80.56801196,665,926,15,21.3,0.8643,3
5,23,0.723372781,1466,134.5132743,18.9,1124,100,492,100,1458,1338,6.4,35.5,0.3029,3
6,0,1,1556,120,29.2,615,125.4573171,659,80.56801196,1170,757,18.8,37.3,0.9636,1
6,1,0.5,1422,150,28.9,644,125.4573171,974,60,907,1620,24.9,57.1,0.2407,1
6,2,1,1479,120,32.8,920,125.4573171,940,80.56801196,1382,1176,22.8,34.4,0.3387,2
6,3,1,1280,120,29.8,925,150,684,60,720,1075,28.5,20.5,0.915,2
6,4,0.723372781,1267,134.5132743,23.2,747,150,883,100,1365,1415,16.9,69.8,0.9688,3
6,5,1,941,134.5132743,22.1,954,100,771,100,1372,942,19.1,37.4,0.2377,2
6,6,1,1155,120,17.4,835,125.4573171,469,60,695,1066,28.7,48.9,0.9454,1
6,7,1,1508,120,22.7,704,150,778,80.56801196,1586,1635,16.1,24.6,1.2901,2
6,8,0.5,1270,150,28.2,1073,100,678,60,1139,1543,25.2,75.2,1.139,2
6,9,1,1420,150,34,995,125.4573171,701,60,601,1199,16.3,57.4,0.3705,3
6,10,0.5,1390,134.5132743,17.4,1045,100,654,100,1179,1537,15.8,82.6,0.9702,1
6,11,0.5,1472,150,20.9,819,100,663,60,932,951,27.1,52.2,1.0739,3
6,12,0.5,1238,150,16.7,1041,100,823,80.56801196,1647,1605,7.8,85.6,0.2484,1
6,13,0.5,1330,134.5132743,24.1,627,100,612,60,1341,1021,13.2,81.9,1.312,1
6,14,0.723372781,926,150,22.8,1074,100,499,100,1105,1075,9.4,58.2,1.3781,3
6,15,0.5,1004,120,2.6,904,100,511,80.56801196,1599,1108,13.9,85,1.3056,2
6,16,1,828,150,19.9,1004,100,707,100,1332,1410,9.6,39.2,1.272,3
6,17,0.5,1244,134.5132743,4.9,1112,125.4573171,874,60,1113,1187,21.1,42.4,1.1685,2
6,18,1,1518,120,2.9,1101,125.4573171,947,60,1494,1042,28.3,18.4,1.0235,3
6,19,0.5,1263,150,28.1,947,100,511,100,960,939,28,59.2,1.0822,3
6,20,0.723372781,1079,120,10.5,839,125.4573171,486,100,873,838,14,69.1,1.2483,2
6,21,0.5,950,120,13.2,1169,100,582,80.56801196,776,821,34.6,73,1.0612,2
6,22,0.5,1039,150,4.1,936,125.4573171,996,100,1126,1119,21.6,26.2,0.626,2
6,23,0.723372781,1065,150,7.9,625,150,564,100,1512,1260,15.2,48.3,0.6887,3
7,0,0.5,1493,134.5132743,27.3,1008,100,489,60,878,1003,29.6,28.3,1.3662,2
7,1,1,904,134.5132743,18.3,676,150,854,60,1305,814,26.1,64.7,0.2223,2
7,2,0.5,1232,120,31.1,816,100,637,100,663,1042,26.7,26.8,1.1085,2
7,3,0.5,1296,134.5132743,15.1,927,100,933,100,889,950,8.5,82.8,1.4412,1
7,4,0.5,1239,120,10.9,622,150,457,60,617,706,17.5,32.3,1.1181,2
7,5,0.723372781,1547,120,13.5,909,150,941,80.56801196,663,1430,30.4,36.9,1.4921,2
7,6,0.5,1484,134.5132743,25.5,1198,150,801,80.56801196,929,1288,18.6,78.8,1.0938,2
7,7,0.5,957,134.5132743,20.3,866,100,918,80.56801196,1362,878,24.6,49.4,0.2447,1
7,8,1,971,134.5132743,31.8,1014,150,596,80.56801196,1640,844,21.4,16.8,1.2751,1
7,9,0.5,1293,150,21.9,866,150,445,60,1042,1115,29.8,52.1,0.57,2
7,10,0.5,1110,120,18.3,932,125.4573171,929,100,740,1365,11.4,21.3,0.7799,2
7,11,0.5,1202,120,27.9,1049,125.4573171,796,80.56801196,1043,820,21,88.9,0.6057,2
7,12,0.5,1468,120,33.3,1164,150,473,60,1095,823,6.1,59.1,0.5491,2
7,13,1,1569,134.5132743,13.7,846,150,815,100,1025,849,24.8,34.2,0.7608,1
7,14,1,1475,134.5132743,10.2,635,150,734,80.56801196,1049,1096,26.2,57.3,0.6924,2
7,15,0.723372781,1458,134.5132743,22.3,1000,150,974,100,950,1080,3.4,20.8,1.0233,1
7,16,0.5,1465,134.5132743,18.5,627,125.4573171,695,80.56801196,1198,1479,24.3,75,1.2571,3
7,17,0.723372781,1262,134.5132743,34.6,819,100,483,100,1310,1538,15.7,84.4,0.5862,1
7,18,0.723372781,1166,150,17.3,1005,150,414,80.56801196,1469,700,6.1,80.6,0.4778,3
7,19,0.5,1349,134.5132743,4.5,870,150,533,80.56801196,992,1372,15.9,40.6,1.067,1
7,20,1,1442,120,34.3,1110,125.4573171,877,100,1441,943,8.4,39.4,1.0714,1
7,21,1,1054,134.5132743,29.8,885,150,718,100,1000,1586,15.7,17.6,1.3715,1
7,22,0.5,1007,120,7.9,1053,150,791,100,649,1097,14.7,63.9,0.2207,2
7,23,0.5,1249,134.5132743,31.9,916,125.4573171,878,60,1343,950,26.4,55.1,1.309,1
8,0,1,894,134.5132743,13.2,1189,150,767,60,1505,1578,27.5,49.5,0.8773,2
8,1,0.5,1277,120,14.4,896,150,766,100,1635,1275,22,83.1,1.0077,1
8,2,0.5,1482,120,31.9,937,125.4573171,687,60,1590,998,2.7,27.6,0.3188,1
8,3,0.5,1561,120,19.5,906,100,777,80.56801196,1638,1459,32.7,15.7,0.7624,3
8,4,1,989,120,6.5,1027,150,862,100,627,1653,24.6,20.5,0.4955,1
8,5,0.723372781,1510,150,14.2,950,150,993,60,987,996,3.1,31.8,0.5305,2
8,6,0.723372781,1283,120,25.8,1110,100,412,100,1432,1676,29,17.5,0.8553,3
8,7,0.5,1532,134.5132743,7.7,1124,125.4573171,935,80.56801196,849,1663,8.6,52.7,1.2562,3
8,8,1,1335,134.5132743,21.5,1091,100,567,80.56801196,697,1199,21.1,38.6,1.1669,1
8,9,0.5,1555,150,24.9,1193,150,669,60,1662,814,17.4,28.5,0.9683,1
8,10,1,1222,120,13.3,608,100,469,80.56801196,1661,1506,15.9,71.3,0.9012,3
8,11,0.5,1439,134.5132743,24.9,1096,125.4573171,717,100,778,700,31.4,30.3,0.7555,2
8,12,1,1404,150,31.2,1159,150,775,60,1491,1252,16.4,66.6,1.4645,1
8,13,1,932,134.5132743,17.6,1160,125.4573171,488,100,1349,1384,4.5,41.2,0.9283,3
8,14,0.723372781,854,150,14.6,1039,125.4573171,656,100,1052,1299,33.2,53.4,0.5302,2
8,15,0.5,1309,150,10.3,1151,100,616,100,696,1181,32.4,85,0.4991,1
8,16,0.723372781,1469,120,21.9,707,100,849,80.56801196,908,1309,24.6,17.8,0.9948,3
8,17,0.723372781,1340,150,31,844,125.4573171,943,100,861,1299,17.4,52.5,0.8797,3
8,18,1,1209,134.5132743,12.7,854,125.4573171,540,80.56801196,892,1462,5.1,79.1,0.21,1
8,19,0.5,1010,134.5132743,15.1,632,150,560,100,848,1209,28.1,59.1,1.2791,2
8,20,1,1465,120,15.4,622,125.4573171,431,80.56801196,844,1034,4.5,35.8,1.1154,2
8,21,1,1092,120,20.5,1165,125.4573171,551,80.56801196,850,1164,4.3,44.8,1.0604,3
8,22,1,1533,150,9.5,648,100,659,80.56801196,722,840,19.7,66,0.2894,2
8,23,0.5,914,120,29.1,1061,125.4573171,678,100,924,1282,7.3,81.8,0.6707,3
9,0,0.5,1469,134.5132743,11.8,1189,125.4573171,684,100,1585,836,2.3,18.1,1.416,1
9,1,1,1058,134.5132743,25.3,935,100,941,80.56801196,1100,1658,16,20.4,1.3214,2
9,2,0.5,1562,120,18.9,957,150,547,100,1286,1310,6.5,39.4,0.5712,1
9,3,1,921,120,21.3,721,100,466,80.56801196,1689,1362,7.3,32.5,0.4042,3
9,4,0.5,1098,120,7.9,1043,100,969,100,1435,1649,4.5,34.9,0.7838,1
9,5,0.5,1574,150,26.3,958,125.4573171,678,80.56801196,658,1386,8.8,31.6,0.6626,2
9,6,0.723372781,1180,150,8.2,945,125.4573171,842,80.56801196,1330,866,25.6,29.7,1.0869,1
9,7,1,1360,134.5132743,5.7,792,150,798,60,865,1042,28.7,24.8,1.4564,2
9,8,0.723372781,1300,150,20,1015,125.4573171,527,100,835,1109,16.9,85,0.6719,2
9,9,0.723372781,1096,150,25.4,976,150,736,100,1497,1468,18.7,25.8,0.2809,2
9,10,1,1161,150,3.7,1062,150,881,60,817,1609,3.1,30.3,1.3669,2
9,11,1,1388,150,4.3,745,150,585,80.56801196,1574,1435,4.3,33.5,0.2493,2
9,12,0.5,1262,134.5132743,28.5,1077,150,568,80.56801196,1188,1579,10.5,85,1.4386,3
9,13,1,1237,120,28.7,1007,125.4573171,659,60,1516,1541,19.9,71.7,1.064,1
9,14,0.723372781,926,134.5132743,10.1,885,100,957,60,1517,764,26.4,74.2,1.4242,3
9,15,0.723372781,996,150,22.3,710,100,906,80.56801196,952,1280,22,22.9,0.4596,1
9,16,1,1020,120,16.6,649,125.4573171,920,100,690,766,14.9,77.7,0.2529,1
9,17,0.723372781,890,120,22.9,613,125.4573171,870,60,1301,1132,5.9,45.6,0.8347,1
9,18,0.5,1210,120,30.5,733,150,560,60,672,749,27.8,34.7,0.7858,3
9,19,0.723372781,807,134.5132743,4.6,1187,125.4573171,688,60,1284,1013,14,58.2,0.6309,2
9,20,0.5,1343,120,27.7,1195,100,739,60,1321,1008,26.3,76.7,1.445,2
9,21,0.723372781,1267,134.5132743,18.3,942,125.4573171,901,60,1557,1302,18.9,73.4,1.2694,3
9,22,0.5,1119,134.5132743,20.6,885,125.4573171,505,60,1655,814,26.4,81.7,1.0601,2
9,23,0.5,1193,150,23.6,913,150,874,80.56801196,1247,1585,31.9,84.6,0.4117,1
10,0,1,1068,150,32.4,896,150,999,80.56801196,1359,1268,32.4,32.9,1.1546,2
10,1,0.5,990,120,3.9,1168,150,862,60,1470,1041,19.7,46.8,1.1451,2
10,2,1,1474,120,3,763,150,882,80.56801196,742,1229,18.9,16.1,0.7526,2
10,3,0.723372781,860,150,7.9,1096,100,552,100,1548,1483,10.8,80.9,1.4022,1
10,4,0.723372781,1237,134.5132743,34.6,615,125.4573171,548,100,643,1341,32.9,26.6,0.4171,2
10,5,0.723372781,1063,134.5132743,25.6,943,125.4573171,587,60,631,1194,17.1,79.6,0.5475,2
10,6,0.5,1596,150,22.3,677,150,530,100,627,968,6.2,39.7,0.2822,2
10,7,0.723372781,894,134.5132743,3.6,945,100,851,100,1619,1640,16.3,42.6,1.2341,3
10,8,0.723372781,1352,150,31,671,100,915,80.56801196,1022,779,6.2,17.9,1.0083,3
10,9,1,1269,150,28.8,869,125.4573171,890,80.56801196,1090,1155,18.6,39.5,0.6094,2
10,10,1,1460,120,23.9,886,150,875,80.56801196,759,998,20.5,81.6,0.413,3
10,11,0.723372781,1515,120,13.2,665,125.4573171,662,80.56801196,1444,1667,13.1,16.9,0.2522,3
10,12,0.723372781,1578,150,4.3,667,125.4573171,937,100,617,1521,4.4,45.5,0.4168,1
10,13,0.5,1313,120,21.1,792,100,858,60,1271,901,33.1,17.4,0.7893,3
10,14,0.5,1489,150,25.7,654,100,935,80.56801196,831,1202,27.5,42.8,0.5213,3
10,15,0.723372781,993,134.5132743,5.1,978,125.4573171,694,100,1023,1436,29.7,27.9,0.5367,2
10,16,1,1281,134.5132743,22.9,767,150,834,80.56801196,1503,1370,14.1,33.9,1.3382,1
10,17,0.723372781,1135,134.5132743,11.5,1008,150,674,100,1354,1415,27.1,80.8,0.8697,1
10,18,0.5,1234,134.5132743,27.2,1107,125.4573171,987,80.56801196,1436,1348,18,47.7,1.148,1
10,19,1,995,150,19.8,1136,125.4573171,707,60,1493,1184,8.6,35.5,0.2464,3
10,20,1,1048,134.5132743,6.3,701,150,775,80.56801196,838,1284,6.1,59.2,0.6747,2
10,21,0.5,1297,134.5132743,19.4,1021,150,557,60,748,1259,13.4,25.7,0.8229,1
10,22,0.723372781,1011,134.5132743,15.1,1077,150,603,80.56801196,1222,717,6.5,34.5,0.4423,1
10,23,0.723372781,1464,134.5132743,8,719,125.4573171,474,80.56801196,616,1177,34.9,56,0.3562,3
11,0,0.723372781,1469,150,29.8,890,100,779,80.56801196,1513,1691,3.6,32.8,1.3314,1
11,1,0.5,1265,134.5132743,2.4,1087,150,703,100,825,1187,16.6,65.9,1.4213,2
11,2,1,1450,120,12.3,760,150,461,100,1251,1682,16.9,51.9,0.3024,1
11,3,0.5,1020,120,2.4,677,150,969,60,859,1478,11.9,72.9,0.6537,2
11,4,0.723372781,1072,120,5.2,637,125.4573171,507,60,1273,1145,20.9,86.1,1.4458,2
11,5,0.5,953,120,11.8,993,100,586,100,773,1039,6.9,23.7,0.3081,2
11,6,1,1048,120,3.8,1040,100,628,60,804,1230,27.9,40.1,1.0367,3
11,7,0.5,1078,120,21.7,1139,150,447,60,1014,1311,13,39,1.4639,3
11,8,0.723372781,1239,150,4.9,1061,125.4573171,667,100,1391,815,21.5,26.3,1.4717,2
11,9,1,1075,120,25.2,893,100,653,100,1688,1557,25.6,75.8,0.8126,2
11,10,0.5,1313,134.5132743,3.7,999,125.4573171,486,100,1117,773,31.3,72,0.4116,1
11,11,0.5,887,120,4,691,100,580,100,1690,1491,29.6,51.3,0.4627,1
11,12,1,1598,150,12.1,605,150,424,80.56801196,1578,968,22.1,55.3,1.3565,1
11,13,1,1441,120,31.6,870,125.4573171,787,100,1609,1336,14.8,19.5,1.3852,3
11,14,0.723372781,1304,134.5132743,23.2,1158,150,621,60,1189,815,18.6,56.7,0.9902,1
11,15,1,1389,134.5132743,27.4,698,100,796,80.56801196,666,1385,27.4,74.4,1.196,2
11,16,0.723372781,1571,150,6.7,1125,100,910,80.56801196,1283,1392,31,58,1.1619,2
11,17,0.5,1040,150,29.5,793,150,960,60,662,1437,5.4,34.9,1.0604,3
11,18,0.723372781,1452,150,2.3,756,100,839,80.56801196,1413,1368,14.7,65.1,1.2755,3
11,19,0.5,1539,150,9,714,150,574,60,1002,863,27.6,42.1,1.091,1
11,20,1,1474,120,22.3,995,150,710,80.56801196,791,1282,16.2,55.9,0.8942,3
11,21,0.5,1035,120,14.4,1121,150,673,80.56801196,670,921,13,51.6,0.508,2
11,22,1,927,134.5132743,34.5,813,100,434,60,1477,825,15.6,43.6,1.1671,2
11,23,0.5,1302,150,3,1132,125.4573171,616,60,1340,1356,21.9,68.9,0.8155,3
12,0,0.5,999,150,35,614,150,807,60,1545,875,35,81.3,0.5832,2
12,1,0.5,1342,120,22.6,1018,125.4573171,918,60,1686,1672,18.3,15.4,1.2425,3
12,2,0.5,1301,150,20.4,967,100,668,100,844,1363,8.9,85,1.1057,2
12,3,0.723372781,1449,134.5132743,4,812,100,874,100,1118,1393,7.4,53.4,1.4185,1
12,4,0.5,1291,134.5132743,11,604,125.4573171,724,60,992,1074,3.4,67.6,0.4151,3
12,5,0.723372781,820,150,32.5,830,150,755,100,1371,1690,20.4,79.2,1.0439,3
12,6,1,1033,134.5132743,13.7,800,100,489,60,1510,1558,20,50,0.5175,3
12,7,1,1513,134.5132743,23.8,1001,150,441,60,783,1197,8.8,77.6,1.3747,2
12,8,0.723372781,1590,120,35,748,150,764,80.56801196,846,784,24.9,28.3,0.3293,1
12,9,1,1442,134.5132743,10.7,1183,125.4573171,601,60,923,1575,26.5,26.9,1.053,3
12,10,1,1215,150,21,1091,100,765,60,759,1082,10.6,64.3,1.2284,2
12,11,0.5,947,150,25,825,125.4573171,687,60,1305,1332,13.4,80.3,0.6614,3
12,12,0.5,828,134.5132743,7.4,1185,100,880,60,1221,1340,34.7,81.9,1.4404,2
12,13,0.5,1160,150,6.9,768,125.4573171,900,80.56801196,1524,1162,14.4,63.3,1.3059,1
12,14,0.723372781,1107,120,17.1,751,100,451,60,665,1150,27.1,54.4,0.583,2
12,15,0.723372781,961,134.5132743,14.7,823,100,502,80.56801196,1529,1217,16.9,39.9,0.2098,2
12,16,1,860,134.5132743,25.6,1103,100,760,60,853,1545,28.2,88.5,0.5857,3
12,17,0.5,924,134.5132743,4.3,1149,150,823,80.56801196,882,1394,27.4,39,0.5657,2
12,18,0.723372781,1255,150,34.1,643,150,604,100,1683,1249,24,70.8,1.357,3
12,19,0.723372781,870,150,2.5,1103,125.4573171,413,80.56801196,717,1628,30.2,54.9,1.4573,2
12,20,0.5,1265,134.5132743,21.8,840,125.4573171,869,80.56801196,1022,815,33,60.6,0.2916,1
12,21,0.723372781,1042,150,20.6,950,100,865,60,1155,1313,21.1,44.5,0.8127,2
12,22,0.5,1289,150,6.4,622,100,703,80.56801196,635,707,9.8,87.4,0.9128,3
12,23,1,1560,134.5132743,7,1197,150,826,80.56801196,1130,917,15.2,57.9,0.3208,2
13,0,1,1020,134.5132743,28.2,642,150,509,60,690,1418,27,85.3,0.6907,2
13,1,1,1272,150,31.3,1065,150,964,100,697,1289,23.5,15.6,0.6122,1
13,2,0.5,1332,134.5132743,11.3,639,125.4573171,914,100,1130,1579,7.9,58,0.8969,3
13,3,0.723372781,1293,134.5132743,16.5,902,150,467,100,1137,1103,3.7,68.8,1.0595,1
13,4,1,881,134.5132743,13.7,774,125.4573171,645,80.56801196,1651,1266,24.5,70.9,1.1145,2
13,5,1,1321,134.5132743,4.4,1131,150,788,60,679,1003,10.3,82.9,0.3778,1
13,6,1,811,150,24.2,1060,150,707,100,1162,1166,18.5,15.3,1.2568,2
13,7,0.723372781,1062,134.5132743,29.2,792,100,751,100,1213,1651,26.6,15,1.0821,2
13,8,0.723372781,1456,120,12.1,843,125.4573171,465,100,775,1692,20.6,50.4,1.3558,1
13,9,0.5,1248,134.5132743,34.7,879,150,859,100,1121,1439,4.7,17.2,0.7841,1
13,10,1,991,120,4.5,635,100,746,60,1022,787,8.1,88.1,1.3621,2
13,11,0.723372781,1561,134.5132743,23.8,1156,125.4573171,724,100,1175,709,9.2,31.7,1.3255,1
13,12,0.5,913,120,16.8,1139,125.4573171,998,80.56801196,1130,1007,10.5,50.4,0.7699,1
13,13,1,825,120,16.7,753,150,432,80.56801196,931,1133,20.7,19.6,0.6955,2
13,14,0.723372781,1582,134.5132743,17.1,622,125.4573171,467,60,1252,1501,18.6,54.2,1.4127,3
13,15,0.723372781,1298,134.5132743,10.5,690,100,586,100,1339,863,8.7,43.5,1.1297,1
13,16,0.5,1307,134.5132743,25.6,989,100,591,100,1110,938,4.2,18.3,1.4067,1
13,17,1,1344,120,25.8,958,125.4573171,612,80.56801196,641,1016,7.7,40.1,1.2361,3
13,18,1,861,150,11.3,1149,100,999,60,1484,1695,34.5,44.4,0.9921,1
13,19,0.723372781,1028,150,29.6,827,125.4573171,827,80.56801196,680,1355,17.5,89.2,0.3506,2
13,20,1,1406,134.5132743,12.5,801,100,750,60,1001,1034,30.6,30.6,0.5789,1
13,21,0.5,834,150,25.9,949,125.4573171,507,60,706,717,30,55.9,1.4595,2
13,22,0.723372781,1504,150,6,637,125.4573171,639,60,1105,770,18.9,89,0.6152,3
13,23,0.723372781,1255,134.5132743,7.6,1099,125.4573171,615,80.56801196,1319,874,25.3,74.4,0.3212,3
14,0,0.5,1387,120,12.4,642,100,576,60,856,1553,8.4,89.5,1.1198,3
14,1,0.723372781,1301,134.5132743,21.6,1116,125.4573171,964,80.56801196,1553,1499,24.7,87.6,1.1542,1
14,2,1,1560,150,23.3,667,125.4573171,729,80.56801196,1532,1510,11,51.7,0.5711,3
14,3,1,1394,120,15.1,722,150,960,100,1671,1038,29.5,67.2,0.587,1
14,4,0.723372781,824,150,4.6,935,150,849,80.56801196,1496,1635,4.8,23.3,0.8096,1
14,5,0.5,1368,120,14.3,752,125.4573171,846,80.56801196,618,947,27.5,48.1,0.2283,1
14,6,0.5,831,150,24.7,761,150,936,100,1669,892,5.3,75.7,1.2261,3
14,7,1,811,134.5132743,24.1,813,125.4573171,578,100,1050,1118,31.1,52.9,0.6122,3
14,8,0.5,1118,150,7.3,975,150,794,100,1497,1024,12,67.7,1.3099,1
14,9,0.723372781,1403,150,2.3,1042,100,544,60,1679,1005,23.6,70.9,1.2434,3
14,10,0.723372781,800,120,26.8,1022,100,597,60,1340,1479,18.1,34,1.0598,1
14,11,1,1234,150,5.5,1137,125.4573171,483,100,681,903,14.1,80.7,0.6223,3
14,12,1,935,134.5132743,4.7,829,125.4573171,484,60,1336,1552,23.3,49.5,0.8712,2
14,13,1,995,134.5132743,2.1,658,100,856,100,678,822,33.3,30.8,0.7783,3
14,14,0.5,932,134.5132743,16.3,695,100,875,60,882,1269,3.4,79.9,0.6405,3
14,15,0.723372781,885,120,18.6,861,150,652,80.56801196,1596,1550,32.3,46.3,1.3026,3
14,16,0.723372781,1275,120,23,953,125.4573171,471,60,759,1146,22.1,71.3,0.8286,1
14,17,0.723372781,1590,150,11.8,911,100,622,60,1487,1412,28.6,56.1,1.2825,1
14,18,1,1123,150,25.4,735,100,675,80.56801196,1067,1190,14.7,43.6,0.3368,2
14,19,0.723372781,979,150,7.6,1072,125.4573171,645,100,1452,1132,17.6,75.7,0.3833,2
14,20,0.5,1315,120,29.5,1029,150,740,60,1061,1323,30.7,58.8,1.4705,2
14,21,0.5,1437,120,20.9,1136,150,972,60,1453,827,15.7,44.3,0.9641,1
14,22,0.723372781,974,150,21.3,745,150,870,80.56801196,716,1247,19.6,23.2,0.8627,2
14,23,1,1562,120,8.9,1123,150,853,80.56801196,963,1445,2.7,82.2,0.8801,2
15,0,0.723372781,820,120,4.4,686,100,406,80.56801196,1065,1521,7.2,17.7,0.4798,3
15,1,0.5,904,134.5132743,17.3,708,125.4573171,587,80.56801196,783,746,23.2,79.7,1.1343,2
15,2,0.5,1377,134.5132743,22.3,1022,125.4573171,403,100,1259,1204,25.7,42,0.3102,3
15,3,0.5,1242,150,5.1,944,100,524,60,674,814,21.2,63,0.9453,1
15,4,0.723372781,1574,150,33.4,865,100,414,60,1425,1115,6.7,84.2,0.942,1
15,5,0.5,848,134.5132743,34.4,1185,100,924,60,1102,1466,16.7,26.4,1.3884,3
15,6,1,1327,120,20,1093,125.4573171,639,60,1394,1694,13.7,57.5,0.884,2
15,7,0.723372781,944,150,33.4,932,125.4573171,759,100,1186,922,18.4,72.3,0.3782,1
15,8,0.723372781,1139,150,7.9,1012,125.4573171,917,60,1255,1335,30.7,71.8,0.9446,3
15,9,0.5,1561,150,2.8,790,150,719,100,1299,1648,27.6,54.4,0.3187,1
15,10,0.5,1153,120,3.3,741,100,630,100,1234,1202,4.8,61.9,0.4649,1
15,11,1,874,134.5132743,21.4,672,100,429,80.56801196,1443,1371,31.4,71.8,0.2404,2
15,12,0.723372781,1593,150,4,766,100,933,80.56801196,1434,1657,17.6,78.1,0.8673,1
15,13,0.5,1377,134.5132743,33.6,767,125.4573171,555,60,1363,1632,26.5,72.1,0.3099,3
15,14,1,1436,134.5132743,6.7,1165,100,798,100,957,795,6.6,41.6,0.8102,2
15,15,0.5,1118,120,12.1,858,100,745,80.56801196,1291,806,24.1,89.8,1.4128,3
15,16,0.723372781,886,120,29.1,1038,150,594,100,1221,1331,9.8,47.6,1.1357,3
15,17,0.5,1352,120,9.2,710,125.4573171,567,80.56801196,1081,1312,16.5,16.8,0.3006,3
15,18,0.723372781,1497,120,10,1130,100,776,100,1579,1314,2.6,42.2,0.4915,2
15,19,0.5,1577,120,23.2,889,125.4573171,888,60,1577,1377,7,24.6,1.0758,1
15,20,0.723372781,1582,120,11.1,1161,125.4573171,761,60,889,1625,5,24.1,1.3631,3
15,21,1,841,150,9.2,1109,125.4573171,881,100,1351,1397,9.9,36.1,0.2428,1
15,22,0.723372781,892,134.5132743,10.4,774,150,643,80.56801196,622,731,5.3,19,1.2562,1
15,23,1,1496,120,18.2,901,125.4573171,980,80.56801196,1405,1192,24.8,66.6,0.9304,3
16,0,0.723372781,1526,150,33.9,784,125.4573171,988,60,771,765,3,20.5,0.9099,1
16,1,1,1306,134.5132743,29.5,938,125.4573171,570,60,1434,878,22.4,30.2,1.4452,2
16,2,0.5,1328,120,11.4,1109,100,912,60,917,1478,6.6,22,1.1719,2
16,3,0.723372781,1064,120,14,909,150,805,80.56801196,1507,1142,33.2,19.7,1.3052,1
16,4,0.5,1425,150,17.3,1106,100,973,80.56801196,1397,1615,32.8,35.1,0.6602,1
16,5,1,1091,134.5132743,34.3,945,150,606,60,1590,1248,9.4,57.9,0.9207,2
16,6,0.723372781,1263,120,7.7,680,150,553,100,1454,900,22.3,87.4,1,1
16,7,0.723372781,1359,134.5132743,13.8,973,125.4573171,447,80.56801196,1280,1569,2.9,80.7,0.6181,1
16,8,0.5,896,150,26.1,755,125.4573171,400,60,1515,748,32.7,80.7,0.9413,1
16,9,0.723372781,894,120,33.8,1031,100,806,100,1629,1486,19.3,28.2,0.5077,1
16,10,0.723372781,1125,134.5132743,7.1,1099,150,506,80.56801196,1442,1650,3.4,34.9,0.3864,3
16,11,0.5,873,150,9.5,746,125.4573171,572,100,1082,1379,13.3,20.7,0.6862,1
16,12,0.723372781,1135,150,9.4,1080,125.4573171,905,100,731,962,4.5,73.4,1.1611,2
16,13,0.5,867,120,2.7,1034,125.4573171,529,80.56801196,1460,832,15,20.2,1.391,3
16,14,0.5,1557,134.5132743,21.9,1118,125.4573171,797,60,893,1509,24.1,56.8,0.795,3
16,15,0.5,876,120,24.1,668,100,693,100,1240,1043,17.5,33.6,1.0357,2
16,16,0.5,1007,120,21.9,785,100,951,60,1599,875,14.7,33.3,0.3339,1
16,17,0.5,1565,134.5132743,4.4,803,125.4573171,846,80.56801196,991,1090,5.9,89.3,1.3758,3
16,18,1,1020,134.5132743,4.3,1153,125.4573171,415,100,848,710,10.1,71.8,0.9392,3
16,19,1,1061,134.5132743,8.9,612,125.4573171,748,100,1302,900,5.3,77.8,1.2144,1
16,20,0.5,1209,150,11.6,873,125.4573171,602,100,886,1644,28.6,57.9,1.2328,1
16,21,1,1130,150,28,897,125.4573171,533,100,876,1625,6.5,80.3,0.5334,2
16,22,1,1143,134.5132743,7.3,650,150,925,100,986,1508,21.6,63.4,0.8879,3
16,23,0.723372781,1570,150,3.5,1099,150,907,80.56801196,1049,702,13.3,86,1.4486,1
17,0,0.5,873,120,15,968,150,465,100,890,913,9.5,36.1,0.3165,1
17,1,1,1436,134.5132743,15.7,956,150,879,80.56801196,1042,1507,23.1,59.6,1.088,2
17,2,0.723372781,1499,120,16.9,602,125.4573171,858,60,1255,1006,17.1,66.8,1.4509,3
17,3,0.723372781,1053,134.5132743,29.3,853,150,741,80.56801196,1668,1679,15.2,44.5,0.5908,1
17,4,0.5,1546,120,5.2,1074,150,558,100,1426,1243,21.6,81,1.3199,2
17,5,0.5,1561,134.5132743,25.2,1105,100,560,60,1075,1259,18.2,88.5,1.4138,3
17,6,0.723372781,1131,120,13.2,855,150,653,80.56801196,852,1026,12,52,1.1712,3
17,7,0.5,1197,134.5132743,12.2,749,150,926,80.56801196,888,1463,20.4,44.3,0.5007,3
17,8,0.5,1144,134.5132743,32.8,1087,125.4573171,948,80.56801196,1599,898,24.1,50.4,0.6342,3
17,9,0.723372781,1383,150,10.2,878,150,554,100,620,1615,2.9,79,0.2466,2
17,10,0.723372781,1546,120,23.2,658,150,885,100,915,1300,17.4,63.4,1.2809,1
17,11,0.5,1467,150,11.1,1045,125.4573171,831,80.56801196,1163,808,3.9,18.4,1.3045,3
17,12,1,1254,120,18.7,712,150,426,80.56801196,722,990,8.2,55.7,1.0225,3
17,13,0.5,914,150,27.9,1168,125.4573171,411,60,1473,807,20.5,16.3,0.6583,1
17,14,1,1112,134.5132743,31.1,1088,150,466,100,1559,1107,30.6,73.4,0.2999,3
17,15,0.723372781,1027,150,29.7,1006,100,941,100,813,1251,31.1,39.6,1.179,3
17,16,1,1044,150,21.2,966,100,495,60,1438,1672,4.3,50.4,1.1445,1
17,17,0.723372781,1325,134.5132743,10.2,659,150,614,80.56801196,1246,751,15.8,74.9,1.3864,1
17,18,0.5,1327,150,23.8,928,100,593,80.56801196,1567,811,21.2,18.5,1.1497,3
17,19,0.5,1226,134.5132743,25.4,1068,125.4573171,689,60,1329,994,6.9,26.9,1.2773,1
17,20,0.723372781,841,120,2.4,1166,150,943,80.56801196,1199,1279,27.3,44.8,1.1697,2
17,21,0.723372781,1264,150,16.5,662,125.4573171,438,80.56801196,1391,888,26.6,32.2,1.0199,2
17,22,0.723372781,1421,134.5132743,29.8,783,100,605,60,639,1543,31.8,40.3,0.7551,3
17,23,0.5,1077,134.5132743,18.2,910,125.4573171,954,60,1351,1420,2.3,89.9,1.3728,3
18,0,0.5,818,150,12.3,1137,100,883,60,1542,764,9.2,76.9,1.0463,1
18,1,1,865,120,30.8,776,100,736,80.56801196,1247,1273,29.3,81.3,0.7179,1
18,2,0.723372781,966,150,7.1,1174,100,895,60,781,1164,24.1,85.3,0.3085,3
18,3,1,1384,134.5132743,8.8,1028,125.4573171,648,80.56801196,864,957,31.5,40.6,0.5779,3
18,4,0.5,1202,120,24.7,672,100,473,100,1370,1345,3.9,37.3,0.9068,2
18,5,1,1208,150,13.6,766,150,772,100,1462,1333,21.7,32.6,0.5583,1
18,6,1,911,134.5132743,25.5,824,100,537,60,1031,1030,20.8,77.3,0.4876,3
18,7,0.5,1073,150,7.2,1176,150,856,80.56801196,1108,1200,3.2,66,0.8856,3
18,8,0.5,1206,120,10.3,1180,150,843,80.56801196,1046,1382,18.9,32.7,0.4208,1
18,9,0.723372781,1172,120,7.2,608,150,752,80.56801196,1127,909,22.1,43.3,1.2405,1
18,10,1,1396,120,33.4,835,150,810,60,1474,1507,8.3,53,0.8297,3
18,11,0.5,1450,120,15.4,627,125.4573171,937,80.56801196,1268,788,11,54.6,0.946,3
18,12,0.5,838,120,13.1,626,150,852,80.56801196,1446,1378,23.1,81.7,0.3916,3
18,13,1,904,150,2.5,1149,100,818,80.56801196,669,727,17.5,43.5,0.6219,1
18,14,0.5,1123,120,7.1,795,150,849,100,1415,937,30.3,83.1,0.7331,3
18,15,0.723372781,1592,120,15.9,802,100,984,80.56801196,1638,1035,13.3,48.1,1.2507,3
18,16,0.723372781,1213,134.5132743,4.3,684,125.4573171,514,100,1683,762,10.8,71,1.2012,3
18,17,1,1228,120,18.9,629,150,450,80.56801196,1045,1659,34.5,84.8,0.4899,2
18,18,0.723372781,1434,134.5132743,17,1065,100,768,80.56801196,1625,1466,32.1,83.1,1.001,2
18,19,0.5,1529,134.5132743,27.3,698,125.4573171,914,80.56801196,618,1607,3,19.3,0.5165,1
18,20,0.5,860,134.5132743,23.8,789,125.4573171,609,100,1160,1252,27.4,30.4,1.4847,3
18,21,0.5,1411,150,16.7,611,100,834,80.56801196,1071,1199,5.6,50.8,1.4378,3
18,22,0.5,1106,150,9.4,629,150,626,60,627,1240,2.9,47.4,0.9322,1
18,23,1,1153,134.5132743,26,637,125.4573171,667,80.56801196,1159,1490,11,63.1,1.1086,1
19,0,0.723372781,1192,150,25.4,1171,100,515,100,1207,1168,10.9,85.9,1.2419,1
19,1,0.723372781,1003,120,7.1,893,150,999,100,1057,1291,29,23.4,1.1373,3
19,2,0.5,1057,150,32.2,959,125.4573171,759,60,1544,750,25.5,48.9,1.1098,2
19,3,1,1285,120,4.1,779,100,728,60,1583,811,34.4,29.4,1.4461,1
19,4,0.5,1316,120,3.8,711,125.4573171,439,60,1467,1572,25.5,82.1,0.9754,3
19,5,0.5,1245,150,8.2,1043,125.4573171,581,100,1615,1000,15.8,87.3,1.0272,1
19,6,1,1508,150,32,620,100,889,80.56801196,628,789,25.1,50.9,1.304,3
19,7,1,979,134.5132743,19.2,744,125.4573171,608,80.56801196,1268,928,35,22.8,1.0709,1
19,8,0.5,1141,150,28,1098,100,672,60,1425,849,25.4,73.9,1.1528,3
19,9,0.723372781,932,150,9.5,745,150,518,60,1415,1454,27.1,67.3,0.5044,1
19,10,0.5,1242,150,18.2,1040,100,781,80.56801196,878,837,33,41.6,0.6826,2
19,11,0.723372781,1052,120,13.8,1020,150,935,60,882,834,5.8,81.6,0.3915,1
19,12,0.723372781,1064,120,29.3,915,125.4573171,657,80.56801196,1602,1156,25.3,88.2,0.8575,1
19,13,1,892,120,2.7,765,100,882,80.56801196,904,1300,30.1,56.8,0.7924,2
19,14,1,1461,134.5132743,10,802,100,908,80.56801196,1293,1193,33.5,57.4,1.4963,1
19,15,0.5,1210,134.5132743,7,1095,100,491,80.56801196,708,1226,9,37.3,0.9946,2
19,16,0.723372781,937,134.5132743,30.4,1067,100,560,100,923,1032,18.6,58.8,1.2224,3
19,17,0.723372781,1007,120,17.4,984,150,548,80.56801196,1057,1061,24.5,48,0.6342,2
19,18,0.5,1436,150,15.3,913,150,516,60,1081,873,10.2,37.7,1.281,2
19,19,0.5,1545,134.5132743,16.8,854,125.4573171,857,60,1521,1301,21.8,20,0.9996,3
19,20,0.5,1372,134.5132743,34.1,622,125.4573171,964,60,1119,912,10.5,34,1.1061,2
19,21,1,1106,120,30.1,938,125.4573171,444,60,1676,1042,13,29.8,0.5828,2
19,22,0.5,1065,134.5132743,25.3,1092,125.4573171,633,100,990,760,16.6,55.7,0.9132,3
19,23,0.5,1445,150,11.6,1110,100,774,80.56801196,1370,1575,19.5,60.1,1.0242,1
20,0,0.723372781,1117,120,7.5,965,150,946,80.56801196,1512,1431,16.8,60.6,0.9658,1
20,1,0.5,912,120,32.4,971,150,596,60,685,760,18.3,44.1,1.3898,2
20,2,0.723372781,1177,150,16,1198,150,424,60,1157,1518,11.9,46.6,1.3678,1
20,3,0.723372781,1253,150,11.2,818,150,794,60,1457,1377,7.2,77.6,1.4623,1
20,4,1,990,150,17.5,1074,125.4573171,435,80.56801196,1265,1223,3.6,50.7,1.0677,2
20,5,0.5,1239,134.5132743,32.3,1022,100,873,100,1442,915,8.5,89.1,1.4635,3
20,6,0.5,986,150,14.8,955,150,622,100,894,1288,21.2,48,1.2822,1
20,7,0.723372781,1166,120,20.6,1059,100,929,100,868,1443,27.9,63.7,0.5521,2
20,8,1,888,150,28.5,1102,100,587,100,1244,1323,7.6,18.8,0.7557,3
20,9,1,986,120,16.1,626,100,801,60,1134,1277,5.6,64,0.5099,1
20,10,0.5,931,120,9.7,822,100,656,80.56801196,687,1393,26.7,78.9,0.2055,3
20,11,0.723372781,1434,134.5132743,34.8,747,150,535,60,1524,1122,12.1,85.7,0.4445,2
20,12,0.5,1359,150,33.6,1023,150,990,100,710,1415,33.4,89.8,0.2053,3
20,13,0.5,1599,134.5132743,29.8,950,150,843,60,1183,1122,25.6,36.2,1.1358,3
20,14,0.5,1175,150,24.7,785,125.4573171,817,100,1368,1070,12.8,58.2,0.7532,2
20,15,0.5,1490,150,11.7,1014,150,691,80.56801196,837,905,11.6,48.8,0.6063,1
20,16,0.723372781,1491,150,32.1,1028,125.4573171,973,100,933,985,19.3,57.3,1.1902,1
20,17,1,898,150,11.1,640,125.4573171,528,60,705,804,4.6,26.8,1.2822,3
20,18,0.5,833,150,28.4,992,125.4573171,740,80.56801196,981,1453,5.9,79.2,1.4679,3
20,19,0.5,1381,120,32.3,678,150,656,100,1288,1446,7.8,83.2,1.0346,3
20,20,0.5,970,120,21.9,1143,150,965,100,860,1387,27.6,48.7,0.8,3
20,21,0.5,1165,150,28.5,1049,150,499,80.56801196,1254,1422,19,36,0.5968,1
20,22,1,1583,120,28.1,1073,125.4573171,438,60,1419,1242,2.3,25.6,0.489,2
20,23,1,858,134.5132743,8.4,741,125.4573171,662,80.56801196,1308,1446,24.2,66.3,0.4768,2
21,0,1,980,134.5132743,24,850,100,549,60,1075,941,16,38.4,0.7319,2
21,1,1,818,134.5132743,5.1,893,125.4573171,729,100,1506,1190,18.9,83.2,1.4893,3
21,2,0.5,1025,150,18.8,735,125.4573171,519,100,1154,1364,9.1,65.3,0.2011,3
21,3,0.723372781,1272,150,7.4,1083,150,983,80.56801196,1262,1407,20.2,63.4,0.4564,2
21,4,1,894,120,15.7,911,100,618,100,1174,1197,34.3,57,0.4449,1
21,5,1,1096,120,29.5,1154,100,522,80.56801196,1241,1134,4.4,18.4,1.1323,2
21,6,0.5,1392,120,34.6,645,100,643,100,1062,1480,11.4,84.9,0.6582,1
21,7,0.5,974,134.5132743,12.5,835,150,986,100,1454,1183,10,62.1,0.7944,3
21,8,0.5,1021,134.5132743,19.6,647,100,917,60,1184,1146,10.2,89.6,0.3932,2
21,9,0.5,1414,134.5132743,18.9,797,100,420,80.56801196,1542,1083,14.5,55.3,0.7265,2
21,10,0.723372781,853,134.5132743,33.5,683,150,589,80.56801196,1215,1209,29,68.3,0.3342,3
21,11,0.723372781,1494,120,17.8,1142,100,624,100,757,869,32.1,19.2,0.893,1
21,12,1,1202,150,25.1,760,125.4573171,865,60,871,1649,8.7,62.4,0.3273,2
21,13,0.723372781,1117,150,32.4,1027,125.4573171,498,60,1269,1568,19.9,72.3,1.2277,2
21,14,1,1148,134.5132743,14.3,670,125.4573171,762,80.56801196,1220,1022,23,73.4,0.9366,1
21,15,1,1242,150,31.8,1119,125.4573171,482,80.56801196,1120,1547,19.2,72.8,1.1412,2
21,16,0.723372781,1379,150,32.3,651,125.4573171,455,100,658,1173,16.3,32,0.7441,2
21,17,1,1339,150,32.7,644,125.4573171,421,80.56801196,1303,931,8.3,88.2,0.6959,3
21,18,0.5,1585,134.5132743,10.9,892,125.4573171,979,100,1247,1395,18.1,89.6,0.3277,1
21,19,1,1081,120,15.2,1064,125.4573171,584,60,1490,1058,15.2,20.7,0.881,2
21,20,0.5,1159,120,30.7,1149,125.4573171,921,80.56801196,1035,974,28.3,85.2,0.8689,2
21,21,0.723372781,1430,150,13.9,979,150,977,60,745,1641,27.2,36.7,0.8085,3
21,22,0.723372781,1445,120,21.8,1077,150,663,60,1458,1610,6.4,66.7,1.1627,2
21,23,1,1440,120,5.9,861,125.4573171,624,100,1577,731,4.9,40.4,1.2823,3
22,0,0.5,807,134.5132743,3.9,1179,150,437,60,844,876,32,87.6,1.176,2
22,1,1,1362,134.5132743,15.6,778,150,522,100,900,1616,19.7,22.6,0.387,3
22,2,0.723372781,1290,150,21.1,956,125.4573171,555,100,1037,764,30.3,52.3,1.0087,1
22,3,1,1140,150,15,1018,125.4573171,700,60,1467,1409,3.9,47.1,0.3044,1
22,4,1,1271,150,21.1,800,150,466,60,699,726,19.4,39.5,1.103,2
22,5,0.5,1592,134.5132743,19,612,125.4573171,793,100,1324,1362,19.8,63.4,0.6964,2
22,6,0.723372781,1486,120,24.6,1042,125.4573171,993,100,1413,1514,30.4,24.8,0.3722,3
22,7,1,1494,134.5132743,23.4,885,125.4573171,969,60,1079,1178,5.2,68.7,1.3207,3
22,8,0.5,1503,134.5132743,16,857,125.4573171,804,100,1014,967,9.9,88.5,0.9982,1
22,9,1,1048,120,16,1169,150,848,100,764,1296,15.4,75.3,0.6611,2
22,10,0.5,1034,120,6.6,1147,100,530,80.56801196,1573,765,30.6,79.5,0.2399,3
22,11,0.5,882,150,18.9,1089,150,468,80.56801196,687,832,33,42,0.8985,1
22,12,1,892,120,21.4,1097,100,744,80.56801196,1172,1604,34.8,39.4,1.4002,1
22,13,0.723372781,1193,120,17.7,932,100,719,80.56801196,1413,1615,33.7,53.8,0.9753,3
22,14,0.723372781,1067,120,12.7,1161,100,576,80.56801196,778,1065,2.2,18.4,1.4631,2
22,15,0.5,1216,120,25.8,631,150,983,100,762,781,3.6,85.9,0.3774,1
22,16,0.723372781,1431,150,4.5,642,150,928,100,1192,1592,6.9,25.8,0.9388,3
22,17,0.5,1382,150,32.2,950,150,559,80.56801196,1605,1530,13.5,82.7,1.2376,1
22,18,0.723372781,1328,120,2.7,933,150,981,60,900,1681,29.4,21.3,0.8832,2
22,19,1,1052,120,33.8,1158,150,932,80.56801196,973,1027,31.5,76.7,0.3184,3
22,20,0.723372781,921,150,17.3,869,100,534,60,1307,797,8.2,26.4,0.9578,2
22,21,0.5,809,150,15.6,1012,150,510,100,802,1284,22.4,17.9,0.9953,2
22,22,0.5,1598,120,10.5,1174,100,682,60,646,1026,32.3,69,1.1473,1
22,23,0.723372781,1115,134.5132743,2.3,618,150,919,100,1062,1241,17.3,36,1.1896,2
23,0,1,1072,150,11.1,946,150,593,60,1007,824,5.4,68.6,1.202,1
23,1,0.5,1105,150,5.6,636,125.4573171,446,100,1026,909,17.1,56.6,1.0625,3
23,2,0.5,1009,150,23.8,691,100,741,100,1529,1686,14.4,23.2,0.4806,3
23,3,0.5,1529,120,12.5,784,150,641,80.56801196,916,1483,21.1,84.9,0.7255,1
23,4,0.5,1552,120,27.3,627,150,921,100,1020,1424,16.5,48.9,1.209,1
23,5,0.5,1263,150,8.8,1147,150,769,80.56801196,862,832,2.6,70.1,1.4395,1
23,6,1,1511,120,31.7,971,125.4573171,530,80.56801196,765,1202,34.8,52.6,0.3026,2
23,7,0.723372781,1527,120,19.3,1129,100,669,80.56801196,1027,856,19.9,60.3,0.8962,3
23,8,1,1516,150,5.8,944,150,460,60,996,1258,17.6,37.7,0.6063,3
23,9,1,1215,120,15.2,1018,150,563,60,1395,1568,33.5,30,0.493,2
23,10,0.5,1015,134.5132743,8.8,795,150,924,100,706,1574,7.1,55.7,0.8576,1
23,11,1,879,120,8.6,677,125.4573171,671,80.56801196,697,1081,8.2,48,0.9879,3
23,12,0.5,1578,120,18.7,766,150,532,80.56801196,642,721,28.7,44.3,0.2127,2
23,13,1,1279,150,24.2,689,100,643,100,841,1673,10.6,65.4,1.2143,1
23,14,0.5,1346,150,32.1,863,100,833,80.56801196,694,1652,28.4,66.8,1.2658,3
23,15,0.5,817,134.5132743,18.6,1071,100,437,100,787,1294,11,18.4,1.4552,1
23,16,1,964,120,33.9,807,100,967,80.56801196,984,1118,3.1,40.4,0.4348,2
23,17,1,1324,134.5132743,33.1,870,150,718,60,1418,1171,19.1,45.9,0.9729,3
23,18,0.723372781,1001,134.5132743,30.5,862,125.4573171,909,100,686,933,8.5,22.3,0.7546,1
23,19,0.723372781,1540,150,18.5,1105,125.4573171,775,100,1088,1271,27,32.7,0.6353,1
23,20,0.723372781,1145,120,6.6,1111,125.4573171,959,60,825,1153,23.2,18.9,0.9353,1
23,21,1,1165,150,9.2,1175,150,873,100,944,1399,32.5,89.7,1.2171,2
23,22,1,1247,134.5132743,23.4,1123,125.4573171,458,60,1117,1269,27.8,70.2,0.23,1
23,23,0.5,1312,134.5132743,15.9,911,100,988,80.56801196,1654,1470,8,21.6,1.4602,3
24,0,0.723372781,1118,150,6.8,773,150,898,60,895,861,28.4,16.5,1.2528,3
24,1,0.5,1016,150,17.8,1030,125.4573171,617,60,1013,1000,23.2,68.9,1.1765,1
24,2,0.5,833,150,2.6,1062,100,966,100,734,1005,24.1,47.9,1.1885,2
24,3,0.5,1065,150,26.2,700,100,966,80.56801196,1124,701,29.5,74,0.7058,3
24,4,0.5,1439,150,4.4,615,150,528,60,1608,970,20.9,84.3,1.1771,3
24,5,0.723372781,1523,134.5132743,22.8,857,150,782,80.56801196,603,1120,17.4,59.9,0.7028,3
24,6,0.5,1574,150,28.2,843,125.4573171,787,60,777,842,23,29,1.3683,1
24,7,1,879,120,6.4,947,125.4573171,484,100,1345,1399,11.8,73.7,0.4304,3
24,8,1,1476,134.5132743,19.1,848,125.4573171,909,60,858,1563,8,86.7,0.5801,1
24,9,1,1212,134.5132743,27.7,704,150,836,60,1251,1552,22.3,58.5,0.9167,1
24,10,0.723372781,1051,120,10.6,886,125.4573171,692,80.56801196,1688,1659,9.7,66.1,0.615,1
24,11,0.5,811,120,7.4,768,125.4573171,448,60,1640,1676,4.6,40.3,0.7515,1
24,12,0.723372781,1200,134.5132743,13.1,1019,100,466,100,1143,1693,2,43.6,0.8401,1
24,13,0.5,1523,150,20.3,646,100,528,100,1034,1435,22.1,70.1,1.3133,3
24,14,0.723372781,1081,134.5132743,21,642,100,428,60,889,1578,14,84.6,0.8801,1
24,15,0.723372781,911,134.5132743,6.3,920,125.4573171,742,60,1402,1391,26.8,62.2,0.6712,1
24,16,0.5,1522,120,17.1,820,150,944,80.56801196,1082,1234,14.4,74.2,0.5221,1
24,17,0.723372781,1177,134.5132743,10.9,1112,100,518,80.56801196,833,1566,18,27.9,0.7313,1
24,18,0.5,1550,150,29.8,1040,150,532,100,1007,736,15.4,30.9,0.8705,1
24,19,1,1067,120,12.3,743,125.4573171,726,80.56801196,1293,806,23.5,54.9,1.1699,1
24,20,1,1097,134.5132743,29.7,627,125.4573171,584,60,1161,996,13.8,28.2,0.3574,3
24,21,1,1116,134.5132743,16.1,1152,100,905,100,1029,1440,33.8,62.6,0.4881,1
24,22,0.723372781,1369,150,26,766,150,933,80.56801196,1031,1524,32.9,36.9,0.6936,1
24,23,1,1308,134.5132743,18.8,1185,100,640,100,1096,796,30,74.4,0.6685,3
25,0,0.5,1345,134.5132743,22.5,848,125.4573171,988,60,1582,980,32.4,75.6,0.7093,3
25,1,1,1574,134.5132743,15,956,150,915,80.56801196,1596,809,16.8,49.8,1.2316,2
25,2,1,1164,134.5132743,27.4,710,100,564,60,1496,1248,19.7,28.6,0.6214,3
25,3,0.723372781,1346,150,16,833,125.4573171,956,60,1426,1251,26.5,63.5,0.8525,3
25,4,0.5,1070,134.5132743,17.1,623,100,617,100,1377,1296,25,89.5,1.0111,1
25,5,0.723372781,1273,134.5132743,19.1,625,150,404,100,822,1513,31.4,61.7,0.5018,2
25,6,0.723372781,1538,134.5132743,29.5,980,150,480,100,1067,887,25.6,17.7,1.1343,1
25,7,0.5,1336,120,23.8,945,150,646,80.56801196,1168,1451,34.9,16.3,0.9112,2
25,8,0.723372781,1033,150,13.5,977,150,892,80.56801196,974,1569,13.5,39,0.7808,1
25,9,0.5,858,120,24.1,1121,150,785,100,1126,1187,29.5,29.7,1.2527,3
25,10,1,1050,120,23.2,616,100,974,80.56801196,1011,1053,25,76,0.5165,3
25,11,0.5,885,150,32.7,844,100,706,80.56801196,868,718,24.8,78.4,1.3481,2
25,12,0.5,1562,120,29.8,1138,100,942,100,1225,1558,12.8,34.4,0.9294,1
25,13,0.5,1189,120,23.4,1182,100,406,60,1611,1092,27.9,39.4,0.9919,1
25,14,0.723372781,979,120,13.3,801,125.4573171,914,80.56801196,1049,1536,31.7,32.7,1.3376,3
25,15,0.5,1518,150,27.7,847,125.4573171,967,80.56801196,1401,960,9.2,83.1,1.2629,3
25,16,0.5,948,134.5132743,21,717,100,472,60,1421,1684,22.6,52.7,0.982,2
25,17,0.5,1382,150,34.5,608,125.4573171,409,60,854,1109,14.9,64.2,1.1791,3
25,18,1,920,150,10.2,1197,125.4573171,972,60,725,1102,34.7,46.2,0.7633,2
25,19,0.5,1564,150,4.6,622,150,961,100,1361,1369,17.8,62.3,0.9116,2
25,20,0.723372781,1404,120,4.3,839,100,521,60,1398,1183,9.5,43.9,0.2807,2
25,21,0.5,1055,134.5132743,23.1,1184,125.4573171,912,100,1164,1003,14.6,40.5,0.3168,2
25,22,0.5,1565,150,33,626,125.4573171,840,60,1055,1323,23.6,62.6,1.2783,3
25,23,1,1599,150,2.1,680,100,437,60,1690,1355,4.5,59.3,0.2776,2
26,0,0.5,1108,134.5132743,26,1195,150,990,100,1689,1467,21.9,37,0.4202,3
26,1,0.723372781,858,134.5132743,23.7,798,100,744,100,1511,1666,32.7,26.2,1.2346,2
26,2,0.5,868,134.5132743,26.2,1154,150,737,60,1461,717,30.1,42.6,0.2015,3
26,3,0.723372781,1245,120,13.7,691,125.4573171,583,60,1216,883,4.2,46.1,0.5671,2
26,4,1,1187,134.5132743,29.1,683,150,466,60,999,1104,34.8,62.2,0.9593,3
26,5,0.5,885,120,3.5,899,150,416,80.56801196,886,1498,25.1,83.6,0.9741,1
26,6,1,1585,150,26.9,895,100,782,60,785,1596,7.4,17.7,1.2103,2
26,7,0.5,1026,120,10.8,1053,125.4573171,767,100,883,830,2.4,33.3,0.8577,2
26,8,0.723372781,1392,134.5132743,17.7,880,100,715,80.56801196,1249,1178,7.7,29.5,0.8622,1
26,9,1,1425,120,29.1,658,100,896,100,1290,1492,29.7,52.7,1.1429,1
26,10,0.5,983,134.5132743,11,941,125.4573171,744,80.56801196,836,1456,2.7,47.2,0.8482,2
26,11,0.723372781,1591,120,8.1,1064,100,952,80.56801196,1641,707,9.7,69.7,0.991,3
26,12,1,1121,150,24.5,941,100,872,100,1414,1404,27,33.2,1.3671,2
26,13,0.5,1117,120,19.6,661,150,514,80.56801196,1527,1017,21.3,59.6,0.7219,3
26,14,1,1365,150,19,1028,100,499,100,1013,1090,27.8,81.3,0.7007,1
26,15,0.5,1198,134.5132743,10.5,855,125.4573171,837,60,608,1218,26.6,83.3,0.2046,3
26,16,0.723372781,1508,150,3.2,946,100,744,80.56801196,1019,835,3.7,86.9,0.9975,2
26,17,0.723372781,1092,134.5132743,15.5,1125,150,748,100,628,1230,31.5,73,0.2387,1
26,18,1,1092,134.5132743,5.5,903,100,538,80.56801196,947,1612,9.5,82.9,0.8554,1
26,19,1,1284,150,31.9,844,100,723,100,1260,1350,20.3,32.6,1.2455,2
26,20,0.5,1246,150,3.4,1011,100,701,60,1175,1066,23.3,29.8,0.9149,2
26,21,0.723372781,1491,120,16.2,816,150,693,60,1049,1188,7.6,15.5,0.5505,1
26,22,0.5,1211,120,3.7,1115,125.4573171,928,80.56801196,979,1388,34.2,68,1.222,3
26,23,0.723372781,1307,150,5.2,1073,125.4573171,691,80.56801196,1298,710,18.1,85.3,0.5506,3
27,0,1,1533,150,23.7,635,150,473,100,965,1697,3.9,29,1.1529,3
27,1,0.5,1585,150,23.4,777,150,883,100,1011,1252,32.9,62.8,0.9933,2
27,2,0.5,1043,150,3.1,986,100,415,80.56801196,1550,1145,21.3,71,0.421,1
27,3,0.723372781,1219,134.5132743,2,616,125.4573171,925,100,955,813,25.1,84.6,1.3767,3
27,4,0.723372781,953,150,4.6,647,150,735,100,853,1391,19.3,63.5,0.4608,1
27,5,0.723372781,1223,150,27.2,661,125.4573171,915,100,1326,1405,29.5,87.8,1.4865,3
27,6,1,1072,150,21.3,668,100,526,80.56801196,1280,895,3.1,40.9,0.2095,1
27,7,0.5,1446,150,3.3,965,150,917,60,1669,1559,10.9,41.2,0.5425,2
27,8,0.723372781,1319,134.5132743,18.1,761,125.4573171,528,60,1672,1436,17.5,55.7,0.4598,2
27,9,1,927,120,25.5,1087,125.4573171,910,100,1409,1542,4.5,43.8,0.2182,2
27,10,0.723372781,1172,120,30.7,1030,100,822,80.56801196,1072,1022,25.3,15.1,1.1521,3
27,11,0.5,1367,120,32.8,1088,150,784,100,1015,1635,15,69.9,1.1015,2
27,12,0.723372781,1437,120,12.8,829,125.4573171,631,60,1578,1472,11,71.4,1.2301,2
27,13,0.5,958,120,6.5,969,100,594,100,1199,1211,2.1,71,0.5337,2
27,14,1,1370,134.5132743,9.8,777,125.4573171,464,60,1626,1327,25.8,40.9,0.7776,1
27,15,1,1369,120,27.6,1009,100,676,80.56801196,1059,1680,29.5,54.2,1.0568,1
27,16,0.723372781,1451,134.5132743,34.1,1167,125.4573171,623,100,678,1361,15,42,0.7717,1
27,17,0.5,975,134.5132743,17.4,1189,125.4573171,677,80.56801196,1374,1329,20.6,16.2,1.1065,1
27,18,0.5,1419,120,12.1,869,100,765,100,1694,864,9.5,57.2,1.0242,1
27,19,0.5,1010,120,16.2,805,150,915,100,1495,951,22.5,24.3,0.349,1
27,20,0.723372781,1246,120,12.1,681,100,614,100,657,1478,2.4,21,1.2154,1
27,21,0.5,1385,150,10.5,792,150,838,100,1223,743,18.1,71.7,1.1369,2
27,22,0.5,966,134.5132743,21.6,788,125.4573171,827,100,647,1169,23.3,15.7,1.0526,2
27,23,0.5,1259,120,2.5,875,125.4573171,795,80.56801196,1438,1188,32.3,86.9,0.4016,3
28,0,0.5,1156,150,10.6,673,100,608,80.56801196,764,880,14.6,53.6,0.5484,2
28,1,0.723372781,1103,134.5132743,23.8,609,100,900,60,929,776,27.3,88.7,0.7111,1
28,2,0.723372781,1032,150,3.1,815,150,862,100,812,1073,21.7,19.3,0.5639,1
28,3,0.5,1126,150,4.7,889,150,985,60,1106,1327,32.6,58.8,0.4962,3
28,4,0.5,981,120,11.7,1044,150,626,80.56801196,1515,1656,15.1,41.2,1.247,2
28,5,1,1433,134.5132743,31,1151,100,774,60,1400,766,12.5,78.3,1.0297,2
28,6,1,1133,150,27.2,792,125.4573171,899,80.56801196,767,1224,31.3,42.1,0.9351,3
28,7,0.5,1514,134.5132743,2.7,888,100,492,100,1594,791,3.6,34.5,0.4937,1
28,8,0.5,828,120,18.6,1182,125.4573171,859,60,1429,1457,6.5,79.3,1.3935,1
28,9,1,1513,134.5132743,11.1,743,100,976,60,1595,1478,4.7,43.1,0.4485,1
28,10,1,892,150,23.4,988,100,720,60,1586,1350,29.8,16.3,1.2334,1
28,11,0.5,1487,150,25.8,1006,150,409,60,1386,1552,2.4,44.3,1.4567,3
28,12,0.723372781,1129,134.5132743,30.5,969,125.4573171,702,100,1026,943,30.4,64.1,1.1452,2
28,13,0.723372781,1522,150,17.7,1040,100,721,80.56801196,1615,1040,16.9,34.1,1.4907,1
28,14,0.5,983,150,34.8,1163,100,855,80.56801196,1633,1602,2.1,47.4,1.0464,2
28,15,0.5,894,150,34.3,1128,125.4573171,677,100,1372,1484,15.3,19.3,0.4827,2
28,16,1,1584,120,31.1,612,100,997,80.56801196,1681,1003,8.2,59.1,0.465,1
28,17,1,1448,120,21,939,125.4573171,937,60,1316,1097,22.6,71.7,0.6219,1
28,18,0.723372781,1548,150,15.1,911,150,792,100,685,1402,24.4,46,0.2093,1
28,19,0.5,1152,134.5132743,14,703,150,494,80.56801196,703,1147,18.1,46.5,1.0862,2
28,20,1,1064,120,2.4,938,125.4573171,506,100,742,796,3.3,21.6,0.5493,3
28,21,0.723372781,1446,134.5132743,10.2,797,150,789,100,804,1030,23.7,30.1,1.2597,1
28,22,0.723372781,1455,150,25.7,899,125.4573171,925,80.56801196,1240,904,29.8,26.6,0.6669,2
28,23,0.723372781,818,150,21.9,1043,100,470,80.56801196,1661,1148,25.8,51.1,0.8239,2
29,0,1,1542,134.5132743,32.2,958,100,986,100,1675,1117,29.4,54.7,1.4554,1
29,1,1,1445,120,3.7,967,125.4573171,775,100,600,1348,8.6,86.2,0.5148,3
29,2,0.5,1425,134.5132743,7.1,768,100,767,80.56801196,610,776,31.3,20.5,1.1376,1
29,3,0.5,1298,134.5132743,28,748,150,450,100,1346,1595,12.6,60,1.1817,1
29,4,0.723372781,938,150,13.8,641,100,542,80.56801196,1555,1248,2.4,54.5,0.4873,3
29,5,0.723372781,1436,120,5.9,801,100,818,100,1354,1497,29.8,53.7,0.8513,1
29,6,1,1515,134.5132743,34.9,843,125.4573171,947,100,1117,1124,33.1,80.5,0.6553,1
29,7,1,1372,120,28,1063,150,899,100,1631,1128,23.6,30.4,1.2035,3
29,8,0.5,1561,150,15.5,1048,100,566,80.56801196,604,1184,9.6,18.1,1.0092,2
29,9,0.5,1324,120,29.2,1036,100,659,60,1293,1514,10.3,65.4,0.8188,2
29,10,0.5,1054,150,24.5,1130,125.4573171,591,80.56801196,711,834,17.4,40.9,1.2132,2
29,11,1,884,120,28.1,1164,125.4573171,601,100,1603,1353,31.6,16.3,0.5057,2
29,12,0.723372781,1257,134.5132743,28.9,1196,150,584,60,872,953,6.9,33.9,1.1797,2
29,13,0.5,1331,150,4.8,872,100,557,60,1021,1259,29.3,38.2,1.325,1
29,14,0.5,1361,134.5132743,22.6,1029,125.4573171,498,100,864,954,11.6,61.3,1.3422,3
29,15,1,1475,150,2.2,812,125.4573171,640,80.56801196,811,1345,28.7,27.9,1.2188,2
29,16,0.5,891,120,3.4,703,125.4573171,890,60,1381,1501,32.4,46,0.7304,3
29,17,0.723372781,1399,120,31.8,791,150,601,60,1265,1419,16.1,51.2,1.4764,2
29,18,1,868,150,19.4,979,125.4573171,908,80.56801196,968,1198,14,49.4,0.6935,1
29,19,0.5,836,150,26.3,680,150,495,80.56801196,1557,1312,28.5,88,1.0302,2
29,20,0.5,1564,150,29.7,1148,150,889,60,946,1183,19.5,18.4,0.4094,2
29,21,1,1563,120,33.3,976,100,978,80.56801196,624,745,24.6,86.3,1.4746,3
29,22,1,939,150,30.7,753,100,617,60,1575,1142,22.6,58.6,1.1152,3
29,23,0.5,1479,150,17.9,1170,150,926,100,1016,1281,7,74.7,1.1794,1
30,0,0.723372781,1365,134.5132743,13.1,839,100,672,80.56801196,1114,1347,29.9,47.3,0.2855,3
30,1,1,977,150,7.1,973,100,618,60,814,1491,8.5,49,1.1924,3
30,2,0.723372781,1417,134.5132743,15.2,803,125.4573171,731,80.56801196,1553,1278,32.8,80.9,1.2071,3
30,3,0.5,936,134.5132743,14.1,949,100,852,80.56801196,1513,703,10.3,82.2,1.0733,1
30,4,0.723372781,989,134.5132743,20.5,742,150,551,60,1027,1435,26.2,32.9,0.5795,1
30,5,0.5,1439,120,24,788,100,746,100,1332,700,11.4,29.9,0.8366,1
30,6,0.5,1141,134.5132743,34.3,871,125.4573171,813,60,1298,989,12.5,52.2,0.3436,3
30,7,0.5,1358,150,26,1131,150,926,80.56801196,815,808,12.2,82.5,0.8131,3
30,8,0.5,804,120,23.2,899,100,830,60,1012,1476,26.7,39.2,0.517,1
30,9,0.723372781,1056,120,13.1,1025,150,778,80.56801196,979,1274,20.4,63.9,0.6538,3
30,10,0.5,1461,120,3.1,645,100,827,60,831,1159,31.1,68.1,0.4114,3
30,11,0.5,1042,120,11.5,694,125.4573171,483,100,1434,965,12.1,73.4,0.4991,2
30,12,0.723372781,1586,120,27.4,663,100,591,100,857,837,24.8,57.3,0.2995,1
30,13,1,1519,120,8.8,1012,150,440,100,1002,1133,26.8,45.2,1.3959,1
30,14,0.723372781,1214,120,25.5,608,150,708,100,1023,743,7,87.5,0.8895,3
30,15,0.723372781,1426,134.5132743,21.1,1058,150,777,60,1369,1585,15.2,60.8,0.7158,3
30,16,0.723372781,1506,150,7.7,1008,100,535,100,664,1209,17.9,69.6,0.8955,2
30,17,0.5,1142,150,10.6,1069,100,505,60,789,1643,13.7,40.9,1.0168,1
30,18,0.5,1481,134.5132743,18.4,1105,100,918,80.56801196,1549,1682,12.6,65.2,1.3984,1
30,19,0.5,1178,134.5132743,15.8,672,125.4573171,941,80.56801196,772,961,24.7,34.3,0.4323,3
30,20,1,1393,120,27.7,683,125.4573171,525,80.56801196,1358,1427,9.1,33.4,0.5842,1
30,21,0.5,1465,120,26.2,658,125.4573171,756,100,1227,1332,25.4,68.6,1.4685,3
30,22,1,1452,134.5132743,21,620,150,799,100,1160,851,32.9,54.1,0.6826,2
30,23,0.5,945,120,29.1,1057,150,478,100,1600,912,20.7,66.2,0.2293,3
31,0,0.723372781,1122,150,20.6,756,150,788,80.56801196,1000,933,22.2,35.2,0.3919,2
31,1,0.5,921,150,33.8,928,150,978,80.56801196,1237,1562,4.3,59.9,0.2342,3
31,2,1,1051,120,9.2,1172,150,934,80.56801196,1548,1322,30.5,48.3,1.4869,2
31,3,1,1110,120,25.6,1175,100,473,80.56801196,812,1653,11.4,59.8,0.5625,2
31,4,0.5,1400,120,14.2,802,150,404,60,652,1060,22.3,36.8,1.4006,1
31,5,0.723372781,1274,150,11.2,705,100,862,60,1223,1019,34.3,68.7,1.4947,3
31,6,0.5,1369,120,8,721,125.4573171,481,100,1351,921,21.7,75.4,0.9798,1
31,7,0.5,1291,134.5132743,20.2,917,125.4573171,936,100,1261,1651,25.9,34.5,0.2432,1
31,8,0.5,1374,120,9.1,781,125.4573171,804,80.56801196,738,1437,16.7,37.5,0.3061,3
31,9,0.723372781,1146,134.5132743,8.6,915,125.4573171,913,60,1017,909,4,64.6,0.8261,1
31,10,1,1286,120,34.7,1005,125.4573171,677,60,742,1095,28.3,67.2,0.728,1
31,11,0.723372781,1272,120,28.5,669,150,623,100,1108,1630,3.2,67.8,0.988,1
31,12,1,1181,150,26.7,759,150,983,60,1249,1282,25.1,66.2,0.7705,3
31,13,1,1079,134.5132743,28.2,839,150,467,100,1085,1188,2.8,44.5,1.4143,1
31,14,1,871,134.5132743,34,1122,125.4573171,719,80.56801196,1591,1571,30.5,44.6,0.8952,1
31,15,0.723372781,1320,134.5132743,20.9,737,125.4573171,418,80.56801196,1142,1300,7.2,34.1,1.1018,1
31,16,0.5,1165,150,9.3,1094,100,742,100,892,1473,19,26.8,1.3654,3
31,17,0.5,893,134.5132743,30.5,846,150,993,80.56801196,1270,1660,21.7,66.9,0.3909,2
31,18,0.5,1172,150,26.5,1142,125.4573171,742,80.56801196,1437,1577,17.1,22,0.4987,2
31,19,0.5,1138,120,15.7,1123,125.4573171,496,60,1637,1163,13.2,85.3,0.3395,2
31,20,0.5,1236,120,17.6,842,125.4573171,451,60,1233,1399,17.4,77,0.3815,2
31,21,0.723372781,1135,134.5132743,15.6,935,100,574,60,871,1323,12.3,79.3,0.8664,1
31,22,0.723372781,1463,120,32.7,1021,125.4573171,737,60,1648,1151,16.5,83,0.6175,3
31,23,0.723372781,1291,120,13.3,793,100,752,60,921,1112,13.8,45.6,0.7501,1
32,0,0.723372781,839,134.5132743,33.8,907,100,790,100,1405,1633,20.7,78.5,1.4772,3
32,1,0.723372781,1158,120,32,1105,150,514,100,1482,1450,9.9,26.9,0.4037,1
32,2,0.723372781,1373,134.5132743,22.8,880,125.4573171,747,60,1663,1175,34.6,16.6,0.9031,2
32,3,0.723372781,1053,134.5132743,21.1,1038,100,400,80.56801196,834,955,18.5,73.9,0.3285,2
32,4,0.5,1380,120,14.2,1082,125.4573171,462,80.56801196,1431,849,8.4,20.6,0.614,3
32,5,1,1197,120,2.6,822,150,625,100,743,826,17.7,89.1,0.8858,1
32,6,0.723372781,1556,120,6.2,716,150,822,100,1188,1091,30.6,65.6,1.4306,2
32,7,1,969,120,26.9,791,100,418,100,828,1530,2.7,71.5,0.7086,3
32,8,0.723372781,1489,120,17.6,1115,150,430,80.56801196,873,1179,24.4,33.4,0.2844,1
32,9,0.723372781,1500,150,6.9,1129,150,423,100,1189,1692,20.1,65.5,0.7046,3
32,10,0.5,1310,120,10.7,906,150,610,80.56801196,1252,1096,7.6,18.2,0.3895,1
32,11,1,1059,150,33.3,1131,125.4573171,560,100,1182,1622,29,77.8,0.499,1
32,12,0.5,1383,134.5132743,14.1,721,125.4573171,654,80.56801196,1567,1101,14.2,27.7,1.0035,1
32,13,0.5,1258,120,32,1191,100,970,100,971,973,11.7,67.3,0.2877,3
32,14,1,1328,120,12.1,753,100,513,100,1418,1544,29.3,31.8,0.8041,3
32,15,0.5,1140,120,19.9,1136,150,903,80.56801196,1171,1681,23.1,20.1,0.9923,1
32,16,0.723372781,856,134.5132743,2.7,1051,150,619,100,1144,1657,31.6,51.1,0.7484,2
32,17,0.723372781,1017,150,19.2,768,100,756,60,726,1609,22.8,27.7,0.2249,1
32,18,0.723372781,1418,150,23,658,150,568,80.56801196,1332,838,26.4,69.7,1.4812,3
32,19,0.723372781,1484,120,9.7,900,100,923,100,1016,802,29.6,32.8,0.6773,1
32,20,0.723372781,1530,120,21.1,1152,125.4573171,641,80.56801196,1237,941,3.8,40.7,1.2122,3
32,21,0.5,1263,120,23.4,1149,150,774,100,640,816,27.6,57.6,0.6233,1
32,22,0.5,1046,120,24.7,716,150,538,60,1386,913,22.3,36.4,0.8175,1
32,23,0.723372781,1529,134.5132743,27.6,726,150,496,100,896,1183,4.3,43.3,0.705,2
33,0,0.723372781,1172,120,12.3,1004,125.4573171,546,100,641,1228,18.8,76.2,0.6453,2
33,1,0.5,1216,134.5132743,20.7,998,125.4573171,581,60,1231,1390,4.7,28.4,0.2284,3
33,2,1,830,120,34.4,1114,150,456,80.56801196,632,923,26.3,21.2,0.668,1
33,3,0.5,1167,150,31.6,1097,100,441,100,1264,969,20,39.6,1.3563,3
33,4,0.5,1358,150,33.4,1127,125.4573171,942,100,1215,1524,33.5,46.8,1.0975,1
33,5,0.5,1445,120,14.7,997,150,401,60,1547,1560,8,55.7,0.389,1
33,6,0.5,907,120,28,864,150,687,80.56801196,759,833,22,42.9,0.9685,1
33,7,0.5,1383,134.5132743,22.5,862,125.4573171,537,80.56801196,1057,813,9,74.2,1.3599,2
33,8,1,1217,120,4.7,997,100,911,60,998,1140,22.3,17.9,1.11,3
33,9,0.723372781,1419,120,29.2,1126,150,621,60,1180,1343,25.8,47.4,0.3933,1
33,10,0.723372781,1197,120,24.3,1035,100,730,100,819,1350,25.8,43.7,1.3282,1
33,11,1,1071,150,8.6,959,100,803,60,978,1064,28.9,63.6,0.592,3
33,12,0.723372781,1482,134.5132743,4.6,728,125.4573171,907,60,1529,931,30.2,87.5,0.7903,3
33,13,0.723372781,915,150,29.6,840,150,526,60,1563,1157,4.5,53.3,0.884,1
33,14,0.723372781,1385,134.5132743,4.6,821,150,664,80.56801196,832,1074,13.3,89,1.3057,2
33,15,1,1055,150,5,813,100,414,60,1521,1303,24.7,37.7,1.4111,2
33,16,1,880,120,16.1,1191,125.4573171,625,100,833,1478,18.5,17.3,1.4085,1
33,17,0.723372781,1579,150,6.4,734,125.4573171,504,100,1325,1310,8.3,27.4,0.2103,2
33,18,0.723372781,927,150,32.2,985,125.4573171,892,100,966,906,20.2,44.6,1.3985,3
33,19,0.723372781,1034,134.5132743,17.5,902,100,718,60,1080,1219,15.4,38.7,0.2707,2
33,20,0.5,1352,134.5132743,20.8,886,100,618,80.56801196,1189,1167,14.9,22.3,0.5455,3
33,21,0.5,980,150,32.6,1161,150,676,60,815,1581,28.7,47.4,0.8695,3
33,22,0.5,956,134.5132743,19.5,788,125.4573171,740,60,1324,1142,15.5,40.4,0.8239,3
33,23,1,1253,134.5132743,13.7,896,100,851,100,1311,1616,2.9,24.2,0.9861,3
34,0,0.723372781,1370,134.5132743,28.3,1125,125.4573171,768,60,1584,1020,3.9,37.2,0.8233,2
34,1,1,1560,134.5132743,16.6,988,100,873,80.56801196,990,792,30.3,81.5,1.4147,3
34,2,1,1503,134.5132743,12.5,1058,150,589,100,1670,1107,33.7,37.7,0.5127,1
34,3,1,823,150,25.9,860,125.4573171,818,80.56801196,991,857,24.7,68.5,0.5562,3
34,4,0.723372781,1272,134.5132743,28.5,712,100,894,80.56801196,1317,1571,14,60.9,1.397,1
34,5,0.5,1199,120,28.1,635,125.4573171,438,80.56801196,984,798,33,47,0.2998,3
34,6,0.723372781,1391,150,34.3,678,100,561,60,980,924,23.9,32.9,0.9924,3
34,7,0.723372781,933,150,28,874,100,520,60,1203,1551,29.9,42.7,1.0863,2
34,8,1,1220,150,27.4,877,100,798,60,1533,1140,27.3,59.4,0.8572,3
34,9,1,1012,134.5132743,30.3,911,125.4573171,661,60,998,1419,14.5,41.3,1.1025,3
34,10,1,1281,120,2,1128,100,960,100,699,1284,17.8,31.1,0.4246,2
34,11,0.5,1147,134.5132743,14,803,150,528,60,982,1690,8.1,23.7,1.3084,2
34,12,0.5,965,150,26.3,616,125.4573171,939,100,1306,1100,11.6,81,0.382,1
34,13,0.5,1147,150,21.8,1075,150,755,80.56801196,609,1270,27.7,48,0.7211,2
34,14,0.723372781,1197,150,7.9,1110,150,831,100,863,1498,31.5,61.9,0.2978,1
34,15,1,1382,150,12,809,125.4573171,464,60,1431,763,25.9,51.8,0.9088,3
34,16,0.723372781,1525,134.5132743,13.1,1098,100,617,100,1229,1467,17.4,80.4,1.0707,1
34,17,0.5,1234,120,20.7,1001,150,962,60,1361,1259,4.9,56,1.4236,2
34,18,1,1376,120,29.4,1028,125.4573171,826,60,794,978,3.9,51.1,1.1611,3
34,19,0.5,1020,150,32.8,677,100,473,100,1161,1409,14.4,84.3,0.9034,1
34,20,1,1107,120,26.8,1167,125.4573171,859,100,696,1369,17.3,69,1.4124,1
34,21,1,1597,150,29.8,679,125.4573171,824,80.56801196,1061,1522,22.1,23.4,0.822,1
34,22,0.723372781,1496,150,17.5,905,125.4573171,591,80.56801196,1357,1218,2.2,28.3,0.9296,3
34,23,0.723372781,1518,120,14.9,657,100,588,80.56801196,686,947,34.7,74,0.9749,1
35,0,0.5,1265,150,15,1129,150,411,80.56801196,1590,1067,14,77.7,0.733,1
35,1,0.723372781,898,120,22.3,807,150,638,80.56801196,676,1443,30,55.9,1.29,2
35,2,0.723372781,1041,150,6.1,1110,125.4573171,992,100,1260,1317,19.7,56.6,0.4407,1
35,3,0.723372781,957,120,21.1,734,125.4573171,852,80.56801196,1364,1670,6.3,62.4,0.9213,3
35,4,1,1409,150,23.9,1121,100,782,100,1277,797,28.3,47.9,1.1389,2
35,5,0.723372781,1353,120,16.5,1180,125.4573171,447,80.56801196,1390,967,25.4,66,1.3752,3
35,6,0.5,1450,150,33.5,682,125.4573171,716,60,1182,759,19.4,23.1,1.3491,2
35,7,1,1594,150,22.1,643,125.4573171,608,80.56801196,1270,1199,19,87.1,0.8614,2
35,8,1,1026,150,9.3,1082,150,946,60,1137,1007,4.9,71.3,1.0361,1
35,9,0.723372781,1222,120,17.8,1092,125.4573171,518,100,1029,1192,23.6,62.3,0.7125,3
35,10,1,871,134.5132743,24.3,1098,150,976,80.56801196,1692,1110,32.1,38.7,0.8086,1
35,11,0.5,1042,150,12.7,617,100,714,100,732,839,5.1,27.1,1.3781,2
35,12,0.5,1329,150,4.6,893,100,435,80.56801196,788,1608,10.7,45.7,1.4099,1
35,13,1,1388,120,21.3,747,150,862,100,1172,1027,31.8,64.6,1.364,2
35,14,0.723372781,844,150,33.3,1071,150,953,80.56801196,878,1163,11.4,62.5,0.3799,2
35,15,0.723372781,1271,150,18,771,150,980,80.56801196,1141,1401,23.6,43.7,1.3051,3
35,16,1,1170,150,31.9,1162,150,802,60,1345,1336,19.6,61,1.4329,3
35,17,0.5,1451,150,29.6,1130,125.4573171,506,100,1498,1624,21.7,76,0.6696,3
35,18,1,1488,134.5132743,6.9,719,150,438,100,1052,862,15.7,17,0.8742,3
35,19,0.723372781,1533,134.5132743,25.4,665,150,980,100,1488,759,11.9,48.8,1.2128,1
35,20,0.723372781,891,150,16.4,740,150,579,100,1450,1624,3.6,71.9,0.9307,3
35,21,1,821,150,10.3,1045,125.4573171,411,100,769,730,26.6,56,1.4915,3
35,22,0.5,971,150,24.7,1105,125.4573171,738,60,1429,1032,26.6,63.9,0.7924,3
35,23,1,1403,134.5132743,26.5,788,125.4573171,947,80.56801196,1297,775,24.1,53.8,1.1281,2
36,0,0.5,991,134.5132743,7.9,757,100,525,60,1680,1454,23.2,89.4,1.2304,2
36,1,0.5,876,120,32.2,845,125.4573171,462,100,1368,1016,10,19.1,0.8423,3
36,2,1,1080,120,26.8,632,150,481,100,957,1469,2.7,51.8,1.3141,2
36,3,1,1163,150,32.8,960,125.4573171,698,80.56801196,800,1116,28.7,21.9,0.91,2
36,4,0.5,978,150,12.5,929,125.4573171,433,60,1043,1667,18.2,27,0.7351,1
36,5,0.5,1037,134.5132743,33,1111,150,448,80.56801196,1426,889,12.1,43.7,0.3402,2
36,6,0.5,934,150,14.2,670,125.4573171,456,80.56801196,700,1188,5.4,26.7,0.7114,1
36,7,0.5,1079,150,3.8,912,100,508,60,1537,1588,4.1,87.3,1.1541,2
36,8,0.723372781,818,134.5132743,27.2,678,125.4573171,916,80.56801196,628,1014,13.5,86,1.3977,3
36,9,1,1394,134.5132743,25.2,768,100,423,60,1264,995,28.6,40.2,0.5272,2
36,10,0.5,1539,134.5132743,21.7,779,100,620,60,672,1200,32.3,63,0.6618,2
36,11,1,1170,134.5132743,18.2,859,100,714,100,853,876,31.6,55,0.4001,1
36,12,0.5,1576,120,3.1,1085,150,693,80.56801196,1115,1499,32.4,76.2,1.0979,3
36,13,1,911,134.5132743,22.6,604,125.4573171,409,100,1348,1505,32,62.1,1.4482,1
36,14,1,1562,134.5132743,15.8,896,100,880,80.56801196,1643,1559,19.4,15,1.0332,3
36,15,0.5,1475,150,20.5,959,100,666,80.56801196,1134,1418,9.2,72.2,1.0022,3
36,16,0.5,1479,150,16.2,716,125.4573171,487,100,1020,914,28.3,71,0.9195,1
36,17,1,1020,150,33.9,956,150,854,100,1045,1555,9.1,53.2,0.315,2
36,18,1,1103,120,21.9,1038,150,932,100,1478,1352,10.8,82.7,1.1484,3
36,19,1,1502,134.5132743,26.7,930,100,547,60,735,1296,9.7,83.1,0.9827,2
36,20,0.723372781,1124,134.5132743,32.9,1124,150,830,80.56801196,632,1393,19,54.3,1.0599,1
36,21,0.5,1236,120,21.5,787,125.4573171,641,60,1246,1031,12.6,60.6,1.3685,1
36,22,0.723372781,1237,134.5132743,2.4,880,150,465,80.56801196,877,827,7.1,89.7,1.2191,1
36,23,0.723372781,969,150,3.1,1110,125.4573171,777,80.56801196,732,968,17,37.4,1.2152,1
37,0,0.5,1174,120,25.2,1065,100,787,60,1349,1250,30.8,39.3,1.4053,3
37,1,0.5,1356,134.5132743,11.2,714,125.4573171,608,60,725,1234,20.8,28.7,1.4869,1
37,2,0.723372781,1180,120,21.1,835,100,814,80.56801196,944,1453,31,82.2,0.9557,2
37,3,0.5,813,120,8.7,937,125.4573171,415,100,616,1065,8.5,70.8,0.3415,2
37,4,1,1542,134.5132743,10.9,1121,125.4573171,696,100,1423,1318,7.5,22.9,0.7969,3
37,5,1,1468,150,18.7,798,150,619,100,1161,1047,21,88.6,1.2239,1
37,6,0.723372781,1299,134.5132743,34.2,649,125.4573171,766,100,1246,841,17.3,69.8,0.236,3
37,7,0.723372781,1445,134.5132743,22.3,741,100,628,80.56801196,1229,844,23.8,78.8,0.274,3
37,8,0.5,1190,150,32.9,1127,125.4573171,839,100,1417,1491,28.2,18.6,0.2873,3
37,9,0.5,1348,134.5132743,33.7,1113,100,931,100,659,944,26.8,52.9,1.1503,1
37,10,0.723372781,1364,134.5132743,8.9,629,100,849,100,1066,1141,33.1,67.4,0.8515,2
37,11,0.723372781,1329,134.5132743,12.3,681,125.4573171,435,80.56801196,1227,1402,15.1,55.7,0.6796,2
37,12,1,1291,120,27.4,630,150,821,60,990,989,8.8,65,0.3373,3
37,13,1,1349,120,30.6,932,125.4573171,588,100,1535,1390,20.2,76.3,1.1519,3
37,14,0.5,1498,120,19.1,776,125.4573171,577,80.56801196,1284,811,5.7,43.1,0.6173,2
37,15,1,1184,134.5132743,34.8,969,150,714,80.56801196,1097,913,11.5,78.7,0.5449,2
37,16,0.5,995,150,2.4,1146,100,419,100,1199,1349,8.9,27.2,1.048,1
37,17,0.5,1554,120,11.9,1134,125.4573171,781,60,1048,1585,15.1,35.3,0.9267,3
37,18,0.5,1099,150,22.6,705,150,542,60,1279,899,5.7,18.3,0.6711,1
37,19,1,1346,134.5132743,17.5,696,150,461,60,729,1104,3.1,42.3,1.0339,2
37,20,0.723372781,1526,120,5.8,829,100,641,80.56801196,748,1120,23.7,43.5,0.5526,2
37,21,0.723372781,1530,134.5132743,14.1,826,150,637,100,1417,706,22.1,75.4,1.2333,2
37,22,1,1401,150,2.8,970,100,530,100,1547,1557,25.4,64,0.4981,2
37,23,0.723372781,1107,120,23.2,699,125.4573171,522,80.56801196,1099,1224,23.8,47.8,0.4065,1
38,0,0.5,1051,120,31.5,1044,150,839,100,1257,1291,5.8,63.9,1.2172,2
38,1,0.723372781,807,120,31.2,1067,125.4573171,741,100,1653,985,11.6,19,1.1203,3
38,2,1,1567,120,25.1,654,150,818,60,1176,1370,6.3,28.5,0.4374,2
38,3,0.723372781,1007,150,17.4,794,150,854,100,1647,1088,29.8,62,0.3511,3
38,4,0.5,930,120,18.9,1119,125.4573171,597,100,1583,1115,26.6,63.1,1.2899,2
38,5,0.5,1535,134.5132743,6.5,1023,150,681,80.56801196,1322,1483,8.7,73.1,1.2096,1
38,6,1,1508,120,13.3,914,125.4573171,400,80.56801196,821,1412,13.3,45.2,0.6254,3
38,7,1,1453,150,8.2,727,125.4573171,731,60,1201,849,33.9,69.2,1.0557,1
38,8,1,1563,120,29.1,631,100,611,80.56801196,1283,1659,21.6,66.3,0.3614,2
38,9,0.5,1407,150,32.2,692,125.4573171,486,60,1341,1127,28.4,87.3,0.8592,1
38,10,0.723372781,825,150,19.7,1118,100,460,60,1524,1507,10.7,31.1,0.2243,2
38,11,0.723372781,1422,134.5132743,26,857,125.4573171,494,100,1179,992,8.9,56.4,0.7091,1
38,12,1,1253,120,6,819,150,952,60,1000,1033,27.9,60.1,0.2973,1
38,13,0.723372781,1434,120,22.1,705,125.4573171,546,100,1500,971,24.6,89.9,0.8177,3
38,14,0.723372781,985,120,25.2,1147,150,645,60,1111,742,24.5,30.1,0.7482,2
38,15,1,1283,134.5132743,16.9,1015,100,696,80.56801196,687,1167,20.2,54.2,0.7777,1
38,16,1,1479,134.5132743,10,1156,150,522,80.56801196,649,1018,20.6,41,0.2589,2
38,17,0.5,850,150,31,908,125.4573171,855,80.56801196,702,1191,26.3,54.4,0.6701,3
38,18,0.5,804,150,26.5,965,150,798,60,967,1226,10.9,32.4,1.1834,1
38,19,0.5,1388,150,31.7,1120,100,630,60,1535,1459,13.6,18.6,0.6796,2
38,20,0.5,959,134.5132743,29,1058,150,933,100,1497,871,30.8,57.9,1.1297,1
38,21,0.723372781,1007,134.5132743,34.7,1198,150,801,100,1508,1429,12.2,40.2,0.6803,1
38,22,0.723372781,1056,134.5132743,8.3,969,125.4573171,991,100,857,1348,20,28.6,0.7502,1
38,23,0.5,1004,150,4.9,930,125.4573171,529,100,989,1020,25.2,39.3,0.9331,1
39,0,0.5,1566,134.5132743,13.1,610,150,691,60,1372,1438,35,18.7,1.4359,3
39,1,1,810,150,6.3,1106,100,675,60,1353,743,16.4,86.3,0.3415,3
39,2,0.723372781,807,150,19.3,1018,150,775,100,993,1231,16.1,58.6,0.2428,2
39,3,0.723372781,1208,120,22.9,721,100,454,60,1282,1330,29.8,76.1,0.9903,2
39,4,0.5,831,120,21.1,834,100,977,60,869,1153,28.6,46.7,1.4338,1
39,5,0.723372781,1339,120,10.6,930,100,425,60,748,1445,26.1,82.7,1.4866,1
39,6,1,1517,150,32,1142,150,840,60,1410,1669,17.3,51.2,0.8294,1
39,7,1,1186,120,2.7,947,100,596,100,627,1579,12.7,58,0.8085,3
39,8,0.723372781,1027,120,13.5,1011,150,642,100,879,1590,22.1,51.9,1.0385,1
39,9,0.5,1439,120,25.7,823,100,589,60,765,1628,30.9,70,0.9223,2
39,10,0.723372781,1566,134.5132743,27.3,752,100,967,80.56801196,616,1547,31.2,57.5,1.0243,1
39,11,1,1274,150,15.7,811,150,966,100,938,1567,5.6,35.4,1.3362,3
39,12,0.5,1523,120,2.6,691,125.4573171,675,100,1668,1473,16.1,25.9,1.1702,1
39,13,0.723372781,1550,134.5132743,22.4,930,125.4573171,808,80.56801196,1441,782,17.3,60.5,0.8459,3
39,14,0.5,1006,134.5132743,4.1,1066,150,739,100,788,1242,34.3,51.7,0.8004,3
39,15,0.5,1117,134.5132743,5.6,1153,150,552,80.56801196,1250,1021,24.4,22.2,1.0315,3
39,16,1,1594,120,23.5,827,125.4573171,964,80.56801196,1684,1485,15.4,44.7,0.7924,3
39,17,0.5,1556,134.5132743,12.3,793,125.4573171,797,60,893,933,2.9,53.6,0.7951,2
39,18,0.723372781,1356,150,13.5,1129,125.4573171,843,100,1656,1239,20.7,77,0.2212,3
39,19,0.5,1416,134.5132743,18.1,842,150,826,80.56801196,1014,951,5.2,20.7,0.4263,2
39,20,0.5,1147,134.5132743,34.3,988,100,886,60,1402,1535,29.5,41.1,0.8351,2
39,21,0.723372781,1592,134.5132743,33.9,875,150,603,100,1030,1464,26.8,76.7,1.2694,1
39,22,1,1033,134.5132743,15.7,1049,125.4573171,511,60,1646,1148,17.2,63.6,0.5623,1
39,23,1,1500,150,10.8,1186,100,724,60,1086,938,16.2,36.7,0.8794,3
40,0,0.723372781,843,120,12,1173,150,657,80.56801196,688,1189,31.6,78.4,0.6485,1
40,1,0.723372781,1536,150,10.9,1077,125.4573171,927,100,870,1581,11.5,52,0.3362,3
40,2,1,941,150,19.6,1079,150,749,60,1499,1163,10.2,52.4,1.4458,1
40,3,0.5,1447,120,22,887,100,834,80.56801196,877,1640,33,88.2,1.3111,3
40,4,0.723372781,975,134.5132743,18.1,1139,125.4573171,825,80.56801196,805,1013,28.7,86,0.302,1
40,5,0.5,1453,120,15.5,929,150,679,60,1512,874,29.1,41.9,1.1357,1
40,6,0.723372781,1248,120,9,1069,100,770,60,927,1405,8.4,25.5,0.6519,2
40,7,1,1391,150,17.9,1133,100,648,80.56801196,1457,879,6.7,39.4,1.4933,1
40,8,0.5,881,120,13.3,1066,150,580,60,1476,1631,2.9,17.3,0.5931,1
40,9,0.5,934,134.5132743,19.9,1019,100,477,60,1461,1084,9.8,16.6,0.5104,3
40,10,0.723372781,1518,150,24.3,721,125.4573171,735,100,935,994,27.5,44.7,0.9383,2
40,11,0.5,976,134.5132743,22.9,907,100,449,80.56801196,1205,914,9.9,85.6,1.2857,3
40,12,0.723372781,1182,150,17.3,933,150,484,60,1191,1685,26.1,80.4,0.4503,1
40,13,1,1042,134.5132743,20.3,1019,125.4573171,403,80.56801196,1661,1414,10.3,53.4,1.1222,3
40,14,0.5,1366,120,11.4,925,100,716,100,1613,1461,15,57.4,0.2798,2
40,15,0.723372781,940,120,2.8,1172,100,510,80.56801196,1307,1573,34.4,15.4,1.3946,3
40,16,0.5,1256,120,22.6,849,125.4573171,733,80.56801196,1577,1468,10.1,31.2,0.3054,1
40,17,0.723372781,1239,134.5132743,10.3,694,125.4573171,532,80.56801196,1024,774,14.4,16.9,1.3885,3
40,18,0.723372781,855,150,24.1,895,100,518,100,1186,1043,11.9,71.6,0.838,1
40,19,0.723372781,1326,150,26.7,783,125.4573171,749,100,1405,1413,5.6,25.9,0.7825,2
40,20,1,1496,150,32.2,859,150,941,80.56801196,1319,841,18.2,80.2,1.4653,2
40,21,0.5,1218,120,33.6,785,100,454,80.56801196,1548,1417,14.5,63.2,1.4875,3
40,22,1,887,134.5132743,2.3,1008,150,760,100,1254,898,24.9,32.2,1.0452,2
40,23,0.723372781,1408,150,34.7,668,100,852,60,1073,1618,29,26.8,0.3653,3
41,0,0.723372781,1455,134.5132743,24.5,607,150,952,100,1167,870,20,62.1,0.858,1
41,1,1,807,150,23.2,864,150,729,80.56801196,810,1105,3.1,82.6,0.8879,3
41,2,1,1276,120,2.5,1083,125.4573171,618,60,1681,1527,22.4,68.9,0.8688,1
41,3,0.5,1014,134.5132743,30.4,970,100,607,60,1696,927,3.8,41.1,0.9403,2
41,4,0.723372781,1484,150,6.8,682,125.4573171,484,60,814,1110,22.3,59.1,0.2243,1
41,5,1,1534,150,29.6,810,125.4573171,644,100,1499,1651,24.6,38.3,1.1246,1
41,6,0.723372781,1351,150,2.5,912,100,734,100,1696,1597,8.5,89.9,1.1261,1
41,7,0.723372781,1296,150,23.3,936,150,611,100,1066,1634,29,71.2,0.3501,1
41,8,0.5,1493,120,16.3,1089,100,995,100,953,1390,32.1,61.1,0.9413,1
41,9,0.5,1302,150,8.6,1002,100,582,80.56801196,1642,1577,28.8,46.7,0.9389,3
41,10,0.5,1581,150,5.5,790,100,532,60,1224,1486,12.1,61.4,1.0872,1
41,11,1,1498,120,16.5,934,125.4573171,749,80.56801196,971,761,21.4,40.6,0.311,1
41,12,0.723372781,1044,150,6.1,1121,100,681,100,783,1026,32.2,17.2,1.0145,1
41,13,1,1277,134.5132743,18.1,686,100,692,100,1273,1415,12.6,44.6,0.565,1
41,14,1,1108,134.5132743,22.6,1178,100,668,80.56801196,1354,1662,29.1,84.8,0.8591,1
41,15,0.5,1030,150,29.3,661,150,596,60,921,1658,2.3,62,1.2053,1
41,16,0.723372781,1182,120,24.4,986,150,936,60,1034,1578,2.1,21.3,1.1173,2
41,17,0.723372781,954,120,4.2,745,150,419,100,1666,832,27.1,81.4,0.3546,3
41,18,0.5,974,120,12.1,752,150,804,100,892,1283,27.1,35.2,0.9685,1
41,19,0.723372781,914,150,11.5,948,125.4573171,514,100,1287,1289,28,33.3,1.4599,3
41,20,0.5,1189,150,32.2,777,125.4573171,425,100,1487,888,32.7,37.3,0.4038,2
41,21,1,1110,134.5132743,30.6,1086,100,965,60,668,1055,5.9,58.3,1.3088,2
41,22,1,1099,120,14.2,846,125.4573171,794,80.56801196,655,770,9.7,55.9,1.1133,1
41,23,0.5,817,150,4.3,853,150,780,60,1230,962,31.8,51.9,1.2062,3
